agency_name,received_in_rp,outstanding_from_prev_rp,statutorytimeline,total_for_rp,closed_in_rp,carried_over_to_rp,media,academia,business,organization,public,declined_to_identify,abandoned_in_rp,neither_confirm_nor_deny,s13exemp,s15exemp,s16exemp,s20exemp,fiscal_year,people_years,total_costs
Administrative Tribunals Support Service of Canada,37,1,11,38,32,6,15,2,3,8,9,0,6,0,0,0,7,0,2015-2016,2.08,177291
Agriculture and Agri-Food Canada,119,82,74,201,142,59,22,10,29,12,45,1,4,0,1,14,20,99,2015-2016,6.89,611418
Asia Pacific Foundation of Canada,1,0,1,1,1,0,1,0,0,0,0,0,0,0,0,0,0,0,2015-2016,1,3000
Atlantic Canada Opportunities Agency,18,10,9,28,25,3,0,0,9,0,9,0,1,0,2,1,5,19,2015-2016,2.11,168817
Atlantic Pilotage Authority Canada,1,0,0,1,1,0,1,0,0,0,0,0,0,0,0,0,0,0,2015-2016,0,0
Atomic Energy of Canada Limited,58,1,49,59,53,6,7,6,14,3,26,2,0,0,0,0,5,9,2015-2016,2,351539
Bank of Canada,62,23,42,85,70,15,40,0,1,0,21,0,21,0,11,12,17,22,2015-2016,5.69,612397
Belledune Port Authority,1,0,1,1,1,0,1,0,0,0,0,0,0,0,0,0,0,0,2015-2016,0.05,1555
British Columbia Treaty Commission,0,0,0,0,0,0,0,0,0,0,0,0,0,0,0,0,0,0,2015-2016,0,0
Business Development Bank of Canada,3,0,2,3,3,0,2,0,0,0,1,0,0,1,0,0,0,0,2015-2016,3,89442
Canada Border Services Agency,5532,1086,3217,6618,5012,1606,222,108,1976,205,2869,152,469,6,532,653,2276,45,2015-2016,61.46,5444118
Canada Council for the Arts,45,5,44,50,49,1,2,6,1,32,4,0,3,0,0,0,0,4,2015-2016,1.48,133163
Canada Deposit Insurance Corporation,4,0,1,4,2,2,3,0,0,0,1,0,1,0,0,0,0,0,2015-2016,1,105974
Canada Development Investment Corporation,2,0,0,2,2,0,1,0,1,0,0,0,0,0,0,0,0,0,2015-2016,0,61608
Canada Economic Development for Québec Regions,12,5,7,17,13,4,0,1,0,2,9,0,0,0,0,0,0,6,2015-2016,1.36,99094
Canada Eldor Inc.,0,0,0,0,0,0,0,0,0,0,0,0,0,0,0,0,0,0,2015-2016,0,0
Canada Foundation for Innovation,1,0,1,1,1,0,1,0,0,0,0,0,0,0,0,0,0,0,2015-2016,0.09,14774
Canada GEN Investment Corporation,0,0,0,0,0,0,0,0,0,0,0,0,0,0,0,0,0,0,2015-2016,0,0
Canada Hibernia Holding Corporation,0,0,0,0,0,0,0,0,0,0,0,0,0,0,0,0,0,0,2015-2016,0,0
Canada Lands Company CLC Limited (Canada Lands Company Limited),5,3,5,8,8,0,0,0,1,0,4,0,3,0,0,0,0,1,2015-2016,0.2,15000
Canada Lands Company Limited,2,0,0,2,2,0,1,0,0,0,1,0,2,0,0,0,0,0,2015-2016,0.1,5000
Canada Mortgage and Housing Corporation,53,2,32,55,47,8,28,0,8,9,8,0,1,0,0,0,0,16,2015-2016,1.27,267460
Canada Post Corporation,133,29,57,162,136,26,45,0,21,11,56,0,36,0,0,0,15,27,2015-2016,4.35,400602
Canada Revenue Agency,3139,926,1006,4065,2572,1493,202,24,907,40,1789,177,573,1,74,43,655,47,2015-2016,63.5,4738983
Canada School of Public Service,28,5,23,33,29,4,4,0,9,0,13,2,0,0,0,0,2,20,2015-2016,1.98,151100
Canada Science and Technology Museum Corporation,2,0,1,2,2,0,2,0,0,0,0,0,1,0,0,0,0,0,2015-2016,0.15,9553
Canada-Newfoundland and Labrador Offshore Petroleum Board,9,0,2,9,6,3,4,0,2,0,3,0,0,0,0,0,0,7,2015-2016,1,90846
Canada-Nova-Scotia Offshore Petroleum Board,7,0,7,7,7,0,1,0,4,2,0,0,0,0,0,0,0,1,2015-2016,0.2,18300
Canadian Air Transport Security Authority,27,5,10,32,25,7,23,0,0,0,4,0,5,0,1,7,21,10,2015-2016,1.2,102000
Canadian Broadcasting Corporation,102,13,65,115,108,7,24,2,8,9,57,2,13,0,0,0,13,35,2015-2016,6.5,520300
Canadian Centre for Occupational Health and Safety,3,0,3,3,3,0,1,0,0,0,2,0,0,0,0,0,0,0,2015-2016,1,7685
Canadian Commercial Corporation,40,2,14,42,23,19,24,0,1,11,4,0,4,0,3,6,0,17,2015-2016,1.5,101710
Canadian Dairy Commission,2,0,1,2,2,0,1,0,1,0,0,0,0,0,0,1,3,2,2015-2016,0.05,4600
Canadian Environmental Assessment Agency,39,4,24,43,35,8,4,0,14,18,2,1,5,0,1,1,0,7,2015-2016,4,261948
Canadian Food Inspection Agency,339,69,207,408,356,52,66,13,133,42,85,0,31,0,44,29,45,211,2015-2016,12.83,958684
Canadian Grain Commission,1,1,0,2,2,0,1,0,0,0,0,0,0,0,0,0,2,1,2015-2016,0.1,5996
Canadian Heritage,358,102,210,460,406,54,112,17,37,8,45,139,33,0,29,46,24,97,2015-2016,9.15,832775
Canadian Human Rights Commission,34,3,27,37,36,1,1,3,9,0,21,0,4,1,0,4,1,4,2015-2016,4.84,244082
Canadian Institutes of Health Research,0,0,0,0,0,0,0,0,0,0,0,0,0,0,0,0,0,0,2015-2016,0,0
Canadian Museum for Human Rights,3,3,4,6,6,0,3,0,0,0,0,0,2,0,1,0,1,6,2015-2016,0.3,29100
Canadian Museum of History and Canadian War Museum,20,2,9,22,21,1,16,0,0,1,3,0,1,0,0,0,3,2,2015-2016,0.75,44758
Canadian Museum of Immigration at Pier 21,1,0,0,1,1,0,1,0,0,0,0,0,0,0,0,0,0,0,2015-2016,0.05,3750
Canadian Museum of Nature,3,0,1,3,3,0,3,0,0,0,0,0,0,0,0,0,0,0,2015-2016,3,17675
Canadian Northern Economic Development Agency,9,4,4,13,13,0,0,0,0,0,9,0,1,0,1,0,3,12,2015-2016,0.35,43050
Canadian Nuclear Safety Commission,157,24,116,181,171,10,7,6,13,115,16,0,4,0,13,21,13,57,2015-2016,3.15,319944
Canadian Race Relations Foundation,2,0,2,2,2,0,1,0,0,1,0,0,0,0,0,0,0,0,2015-2016,0.04,2600
Canadian Radio-television and Telecommunications Commission,66,6,26,72,51,21,20,0,19,7,20,0,4,0,1,0,9,21,2015-2016,4.75,374268
Canadian Security Intelligence Service,669,90,580,759,708,51,161,79,26,0,334,69,42,386,93,304,204,2,2015-2016,7,586948
Canadian Space Agency,12,4,4,16,12,4,6,1,2,1,2,0,2,0,2,2,1,12,2015-2016,1.07,112291
Canadian Transportation Agency,15,6,9,21,21,0,1,0,10,1,2,1,0,0,0,0,0,23,2015-2016,1.1,88247
Civilian Review and Complaints Commission for the Royal Canadian Mounted Police,12,2,2,14,7,7,5,0,0,1,4,2,1,0,0,0,3,0,2015-2016,0.5,37382
Communication Security Establishment Canada,92,37,48,129,87,42,49,8,0,4,17,14,16,5,20,79,24,4,2015-2016,5.02,440359
Copyright Board Canada,7,0,0,7,2,5,1,0,0,0,6,0,0,0,0,0,0,0,2015-2016,0.25,28588
Correctional Service of Canada,646,219,292,865,617,248,146,14,34,30,421,1,185,1,17,9,201,47,2015-2016,13,936810
Defence Construction Canada,36,6,19,42,32,10,2,4,18,3,9,0,7,0,0,1,3,17,2015-2016,3,178790
Department of Finance Canada,622,118,303,740,560,180,181,17,101,75,100,148,29,0,43,72,182,169,2015-2016,14.75,1118499
Department of Justice Canada,574,82,412,656,550,106,132,40,65,35,187,115,51,1,49,54,29,34,2015-2016,16.77,1500234
Destination Canada,2,0,2,2,2,0,1,0,0,0,0,1,1,0,0,0,0,0,2015-2016,0.1,12000
Elections Canada,46,21,29,67,54,13,8,2,8,15,8,5,4,0,0,1,10,5,2015-2016,1.85,179106
Employment and Social Development Canada,1572,246,787,1818,1439,379,257,19,395,105,492,304,190,0,16,41,189,170,2015-2016,15.43,1169336
Environment and Climate Change Canada,1558,258,1156,1816,1535,281,132,10,1076,112,94,134,124,1,26,16,65,165,2015-2016,17.3,915705
Exinvest Inc,0,0,0,0,0,0,0,0,0,0,0,0,0,0,0,0,0,0,2015-2016,0.01,1459
Export Development Canada,13,2,9,15,15,0,5,0,4,2,2,0,2,0,1,2,5,3,2015-2016,1.58,144420
Farm Credit Canada,10,0,8,10,9,1,1,1,0,0,8,0,0,0,0,0,0,0,2015-2016,0.5,25000
Farm Products Council of Canada,1,0,0,1,1,0,1,0,0,0,0,0,0,0,0,0,1,1,2015-2016,0,0
Federal Bridge Corporation Limited,4,0,2,4,3,1,2,0,0,1,1,0,0,0,0,0,0,0,2015-2016,2,0
Federal Economic Development Agency for Southern Ontario,31,5,14,36,22,14,5,3,20,0,3,0,1,0,0,1,1,8,2015-2016,3,190941
Federal Public Service Health Care Plan Administration Authority,3,0,3,3,3,0,1,0,2,0,0,0,1,0,0,0,0,0,2015-2016,1,601
Financial Consumer Agency of Canada,5,0,3,5,4,1,1,0,1,0,3,0,0,0,0,0,1,3,2015-2016,0.4,27100
Financial Transactions and Reports Analysis Centre of Canada,100,11,68,111,91,20,44,3,42,3,8,0,4,27,8,15,69,27,2015-2016,2,177000
First Nations Financial Management Board,3,0,1,3,3,0,3,0,0,0,0,0,1,0,0,0,1,0,2015-2016,4,12450
First Nations Tax Commission,0,1,1,1,1,0,0,0,0,0,0,0,1,0,0,0,0,0,2015-2016,0.22,21683
Fisheries and Oceans Canada,424,193,255,617,541,76,53,9,142,47,140,33,61,0,22,57,106,237,2015-2016,33.07,3002400
Freshwater Fish Marketing Corporation,7,0,0,7,1,6,1,1,0,1,4,0,1,0,0,0,0,0,2015-2016,1,137321
Global Affairs Canada,1086,385,413,1471,1139,332,571,119,150,39,207,0,166,5,208,602,100,365,2015-2016,53.86,4401069
Great Lakes Pilotage Authority,1,0,0,1,1,0,1,0,0,0,0,0,0,0,0,0,0,0,2015-2016,0.28,20300
Gwich'in Land and Water Board,0,0,0,0,0,0,0,0,0,0,0,0,0,0,0,0,0,0,2015-2016,7,489294
Gwich'in Land Use Planning Board,0,0,0,0,0,0,0,0,0,0,0,0,0,0,0,0,0,0,2015-2016,0,0
Halifax Port Authority,4,0,3,4,4,0,2,0,0,0,2,0,0,0,1,0,0,0,2015-2016,0.1,6200
Hamilton Port Authority,2,0,2,2,2,0,0,0,0,0,2,0,0,0,0,0,0,0,2015-2016,0.03,4125
Health Canada,1222,851,366,2073,1026,1047,170,37,589,53,277,96,215,14,19,8,35,215,2015-2016,36.99,4303539
Historic Sites and Monuments Board of Canada,3,0,2,3,3,0,2,0,0,0,1,0,0,0,0,0,0,0,2015-2016,0.1,6387
Immigration and Refugee Board,171,16,158,187,178,9,6,16,105,16,28,0,4,0,0,0,8,14,2015-2016,2.16,126390
Immigration Refugees and Citizenship Canada,41660,3662,28306,45322,40107,5215,268,1539,22906,1884,13337,1726,1692,2,1575,8885,8750,104,2015-2016,42.73,2831095
Indigenous and Northern Affairs Canada,652,123,324,775,627,148,176,42,101,81,252,0,37,0,22,3,34,167,2015-2016,9.5,576556
Innovation Science and Economic Development Canada,885,137,638,1022,904,118,252,94,226,46,97,170,71,0,12,51,25,177,2015-2016,12.44,1096223
International Development Research Centre,3,1,1,4,4,0,2,0,0,0,1,0,0,0,0,0,0,2,2015-2016,0.5,10000
Jacques Cartier and Champlain Bridges Incorporated,7,2,5,9,9,0,5,0,1,0,1,0,1,0,0,0,5,20,2015-2016,2.2,23125
Laurentian Pilotage Authority Canada,1,2,0,3,3,0,1,0,0,0,0,0,0,0,0,0,0,0,2015-2016,0.08,9344
Library and Archives of Canada,737,124,540,861,758,103,13,266,19,10,29,400,44,1,63,49,1,27,2015-2016,19.23,1331105
Mackenzie Valley Environmental Impact Review Board,0,0,0,0,0,0,0,0,0,0,0,0,0,0,0,0,0,0,2015-2016,1,1731
Mackenzie Valley Land and Water Board,0,0,0,0,0,0,0,0,0,0,0,0,0,0,0,0,0,0,2015-2016,0,0
Marine Atlantic Inc,9,3,7,12,12,0,2,0,0,2,0,5,0,0,0,0,1,7,2015-2016,0.3,106786
Military Grievances External Review Committee,6,0,6,6,6,0,1,1,1,3,0,0,0,0,0,0,0,0,2015-2016,1,2753
Military Police Complaints Commission,18,4,9,22,14,8,3,0,6,1,8,0,3,0,0,0,0,9,2015-2016,1.03,63450
Montreal Port Authority,3,1,2,4,4,0,1,0,1,1,0,0,3,0,0,0,0,0,2015-2016,0.1,15000
Nanaimo Port Authority,4,1,0,5,2,3,0,0,0,0,4,0,2,0,0,0,0,0,2015-2016,1,13767
National Arts Centre,6,1,6,7,7,0,5,0,1,0,0,0,2,0,0,0,0,3,2015-2016,0.1,15220
National Capital Commission,103,29,52,132,111,21,53,1,1,17,31,0,6,0,0,0,19,22,2015-2016,1.94,249487
National Defence,2189,620,1018,2809,2138,671,830,83,165,60,959,92,539,2,149,636,163,344,2015-2016,41.5,3208518
National Energy Board,57,19,23,76,67,9,33,1,3,4,16,0,4,0,0,0,7,5,2015-2016,2.65,280805
National Film Board of Canada,15,1,11,16,14,2,1,12,0,0,0,2,0,0,0,0,0,2,2015-2016,0.7,40916
National Gallery of Canada,6,0,1,6,4,2,3,0,0,0,3,0,0,0,0,0,0,0,2015-2016,0.06,10253
National Research Council of Canada,23,1,11,24,20,4,7,2,6,2,6,0,1,0,0,2,2,16,2015-2016,1.5,148965
Natural Resources Canada,430,208,233,638,536,102,70,9,59,46,101,145,32,0,48,112,75,194,2015-2016,21.44,1524639
Natural Sciences and Engineering Research Council of Canada,15,9,2,24,22,2,1,0,0,7,7,0,3,0,0,0,0,22,2015-2016,1.4,113137
Northern Pipeline Agency Canada,2,0,1,2,2,0,2,0,0,0,0,0,0,0,0,0,1,0,2015-2016,0.04,1000
Nunavut Water Board,0,0,0,0,0,0,0,0,0,0,0,0,0,0,0,0,0,0,2015-2016,0.05,5000
Office of Infrastructure of Canada,128,101,64,229,161,68,15,0,8,2,103,0,13,0,37,2,22,35,2015-2016,8.09,779328
Office of the Administrator of the Ship-source Oil Pollution Fund,2,0,2,2,2,0,2,0,0,0,0,0,1,0,0,0,0,0,2015-2016,4,35493
Office of the Auditor General of Canada,17,1,9,18,17,1,5,0,3,1,8,0,1,0,0,0,4,7,2015-2016,1.25,100950
Office of the Commissioner of Lobbying,5,0,5,5,5,0,0,0,0,0,5,0,0,0,0,0,0,0,2015-2016,0.25,6425
Office of the Commissioner of Official Languages,22,1,17,23,22,1,5,0,6,0,9,2,0,0,0,0,3,1,2015-2016,0.83,110000
Office of the Correctional Investigator of Canada,11,3,6,14,13,1,4,0,0,2,5,0,3,0,0,0,2,0,2015-2016,0.5,30471
Office of the Information Commissioner of Canada,120,0,112,120,119,1,23,0,10,0,87,0,4,0,1,0,54,1,2015-2016,1.63,170236
Office of the Ombudsman for the Department of National Defence and the Canadian Forces,3,1,2,4,4,0,0,0,0,0,3,0,1,0,0,0,0,1,2015-2016,0.48,31170
Office of the Privacy Commissioner of Canada,91,8,52,99,95,4,30,2,26,2,31,0,3,0,3,11,27,17,2015-2016,1.64,112337
Office of the Public Sector Integrity Commissioner of Canada,44,2,20,46,30,16,1,0,3,0,40,0,4,0,0,0,10,1,2015-2016,1,43000
Office of the Superintendent of Financial Institutions Canada,37,4,23,41,35,6,11,0,6,1,19,0,2,0,1,0,0,27,2015-2016,0.68,104862
Old Port of Montreal,1,1,0,2,2,0,0,0,1,0,0,0,1,0,0,0,0,0,2015-2016,0.02,1000
Oshawa Port Authority,3,0,1,3,3,0,2,0,0,0,1,0,0,0,0,0,0,3,2015-2016,0.03,2375
Pacific Pilotage Authority Canada,7,0,6,7,6,1,1,0,2,2,2,0,0,0,0,0,0,0,2015-2016,0.05,2500
Parc Downsview Park Inc.,7,0,7,7,7,0,0,0,7,0,0,0,7,0,0,0,0,0,2015-2016,0.2,10000
Parks Canada Agency,175,77,67,252,169,83,85,7,25,11,47,0,29,0,8,0,0,27,2015-2016,6,407450
Parole Board of Canada,0,0,0,0,0,0,0,0,0,0,0,0,0,0,0,0,0,0,2015-2016,0,0
Patented Medicine Prices Review Board,0,1,0,1,1,0,0,0,0,0,0,0,0,0,0,0,0,0,2015-2016,0.05,10000
Pierre Eliott Trudeau Foundation,4,0,4,4,4,0,0,0,0,0,4,0,0,0,0,0,0,0,2015-2016,0.05,5765
Polar Knowledge Canada,0,0,0,0,0,0,0,0,0,0,0,0,0,0,0,0,0,0,2015-2016,0,0
Port Metro Vancouver,22,0,17,22,21,1,3,0,4,0,15,0,0,0,0,0,1,5,2015-2016,1.1,45000
PPP Canada Inc.,3,2,0,5,4,1,1,0,0,0,2,0,2,0,1,0,0,0,2015-2016,0.97,106241
Prince Rupert Port Authority,1,0,1,1,1,0,1,0,0,0,0,0,0,0,0,0,0,0,2015-2016,0.01,1000
Privy Council Office,559,250,259,809,620,189,330,46,15,31,137,0,32,0,7,170,121,74,2015-2016,19.96,1522821
Public Health Agency of Canada,75,37,38,112,76,36,17,3,22,3,16,14,15,0,8,5,4,7,2015-2016,4.76,454853
Public Prosecution Service of Canada,31,4,23,35,32,3,4,1,9,1,16,0,6,0,1,0,0,2,2015-2016,1.6,127921
Public Safety Canada,346,51,213,397,356,41,222,24,8,14,70,8,30,0,46,138,131,41,2015-2016,9.97,818854
Public Sector Pension Investment Board,4,0,2,4,3,1,1,0,0,0,3,0,0,0,0,0,1,0,2015-2016,0.5,54732
Public Service Commission of Canada,180,10,133,190,178,12,5,1,14,7,145,8,29,1,0,0,38,25,2015-2016,0.73,73642
Public Services and Procurement Canada,863,220,459,1083,886,197,193,4,246,17,237,166,73,24,6,44,57,419,2015-2016,33.53,2662410
Quebec Port Authority,19,0,19,19,19,0,7,1,2,7,2,0,1,0,0,0,0,17,2015-2016,3,70000
RCMH-MRCF Inc. (Royal Canadian Mint),0,0,0,0,0,0,0,0,0,0,0,0,0,0,0,0,0,0,2015-2016,0,0
Revera Inc. (Public Sector Pension Investment Board),0,0,0,0,0,0,0,0,0,0,0,0,0,0,0,0,0,0,2015-2016,0.01,500
Ridley Terminals Inc.,5,0,2,5,5,0,2,0,1,2,0,0,1,0,0,0,0,4,2015-2016,0.3,49000
Royal Canadian Mint,34,26,9,60,58,2,29,1,1,1,1,1,9,0,0,0,7,6,2015-2016,1.41,138107
Royal Canadian Mounted Police,3854,612,2318,4466,3758,708,427,79,417,143,2524,264,632,30,452,31,2326,79,2015-2016,21,1735224
Royal Canadian Mounted Police External Review Committee,9,0,5,9,6,3,1,0,0,0,8,0,1,0,0,0,0,1,2015-2016,0.1,10000
Saguenay Port Authority,2,1,0,3,2,1,1,0,1,0,0,0,0,0,0,0,0,1,2015-2016,0.01,7700
Sahtu Land and Water Board,0,0,0,0,0,0,0,0,0,0,0,0,0,0,0,0,0,0,2015-2016,0,0
Sahtu Land Use Planning Board,0,0,0,0,0,0,0,0,0,0,0,0,0,0,0,0,0,0,2015-2016,0,0
Saint John Port Authority,2,0,0,2,2,0,1,0,0,1,0,0,0,0,0,0,0,0,2015-2016,0,0
Seaway International Bridge Corporation,0,0,0,0,0,0,0,0,0,0,0,0,0,0,0,0,0,0,2015-2016,2,0
Security Intelligence Review Committee,19,5,8,24,16,8,8,5,1,1,4,0,0,0,8,22,28,2,2015-2016,1,69
Sept-Îles Port Authority,7,0,4,7,6,1,1,1,4,1,0,0,0,0,0,0,0,0,2015-2016,0.5,0
Shared Services Canada,222,40,147,262,232,30,41,2,60,3,39,77,20,0,5,20,60,123,2015-2016,11.07,1002871
Social Sciences and Humanities Research Council,18,1,9,19,17,2,2,6,8,0,2,0,2,0,0,0,1,9,2015-2016,0.38,25023
St. John's Port Authority,0,0,0,0,0,0,0,0,0,0,0,0,0,0,0,0,0,0,2015-2016,0,0
Standards Council of Canada,4,0,2,4,4,0,2,0,1,0,1,0,1,0,0,0,1,1,2015-2016,0.01,26246
Statistics Canada,146,1,132,147,144,3,38,19,10,22,57,0,10,0,0,0,13,17,2015-2016,2.85,250294
Status of Women Canada,15,5,9,20,19,1,7,1,1,1,4,1,1,0,0,0,0,9,2015-2016,1,74460
Sustainable Development Technology Canada,26,1,2,27,24,3,1,0,0,0,25,0,0,0,2,2,2,33,2015-2016,2.25,115000
Telefilm Canada,34,9,19,43,40,3,1,0,33,0,0,0,13,0,11,14,2,37,2015-2016,1.5,165453
The National Battlefields Commission,3,0,2,3,2,1,1,0,0,0,2,0,0,0,0,0,0,0,2015-2016,0.06,3723
Thunder Bay Port Authority,1,0,0,1,1,0,1,0,0,0,0,0,0,0,0,0,0,0,2015-2016,0.02,520
Toronto Port Authority,5,4,3,9,8,1,2,0,2,0,1,0,2,0,0,0,1,2,2015-2016,6,153250
Transport Canada,1032,127,309,1159,909,250,476,25,212,46,249,24,143,1,52,102,109,417,2015-2016,24.57,1704149
Transportation Safety Board of Canada,89,29,66,118,94,24,23,6,41,1,18,0,17,0,21,4,11,46,2015-2016,5.95,459668
Treasury Board of Canada Secretariat,503,83,301,586,464,122,162,12,51,16,177,85,44,1,1,26,31,60,2015-2016,7.5,525632
Trois-Rivières Port Authority,1,0,1,1,1,0,1,0,0,0,0,0,0,0,0,0,0,0,2015-2016,0,105
Veterans Affairs Canada,262,77,132,339,291,48,54,5,7,14,152,30,16,0,2,2,37,15,2015-2016,6.96,602485
Veterans Review and Appeal Board,12,2,14,14,14,0,2,0,0,2,7,1,1,0,0,0,0,0,2015-2016,1.1,80955
VIA Rail Canada,33,13,24,46,45,1,14,2,5,3,9,0,6,0,0,4,10,17,2015-2016,0.97,76630
Western Economic Diversification Canada,2,1,1,3,3,0,0,1,0,0,1,0,0,0,0,0,0,3,2015-2016,0.47,47689
Windsor Port Authority,1,0,1,1,1,0,1,0,0,0,0,0,0,0,0,0,0,0,2015-2016,0,500
Windsor-Detroit Bridge Authority,2,0,0,2,0,2,2,0,0,0,0,0,0,0,0,0,0,0,2015-2016,0.65,54938
Yukon Environment Socio-Economic Assessment Board,0,0,0,0,0,0,0,0,0,0,0,0,0,0,0,0,0,0,2015-2016,0,0
Yukon Surface Rights Board,0,0,0,0,0,0,0,0,0,0,0,0,0,0,0,0,0,0,2015-2016,0,0
Administrative Tribunals Support Service of Canada,18,6,14,24,17,7,2,0,6,2,8,0,2,0,0,0,1,0,2016-2017,1.94,158674
Agriculture and Agri-Food Canada,222,59,171,281,245,36,32,4,54,79,53,0,37,0,9,18,36,100,2016-2017,8.82,734967
Asia Pacific Foundation of Canada,1,0,1,1,1,0,1,0,0,0,0,0,0,0,0,0,0,0,2016-2017,1,3500
Atlantic Canada Opportunities Agency,32,3,16,35,32,3,7,1,10,4,10,0,14,0,1,1,2,17,2016-2017,2.13,187019
Atlantic Pilotage Authority Canada,0,0,0,0,0,0,0,0,0,0,0,0,0,0,0,0,0,0,2016-2017,0,0
Atomic Energy of Canada Limited,40,6,34,46,44,2,5,8,7,2,18,0,10,0,2,2,6,19,2016-2017,1.75,267183
Bank of Canada,84,15,40,99,83,16,50,2,21,0,11,0,9,0,15,16,15,74,2016-2017,6.32,685310
Belledune Port Authority,0,0,0,0,0,0,0,0,0,0,0,0,0,0,0,0,0,0,2016-2017,0,0
British Columbia Treaty Commission,1,0,0,1,0,1,0,0,0,0,0,1,0,0,0,0,0,0,2016-2017,0,0
Business Development Bank of Canada,9,0,6,9,8,1,0,2,2,0,5,0,1,0,0,0,0,0,2016-2017,3,96243
Canada Border Services Agency,6265,1606,4284,7871,6392,1479,285,128,2538,178,2809,327,687,17,1059,785,3633,67,2016-2017,61.75,1789043
Canada Council for the Arts,26,1,24,27,26,1,0,2,2,16,6,0,1,0,0,0,0,2,2016-2017,0.37,48285
Canada Deposit Insurance Corporation,1,2,0,3,3,0,0,0,0,0,1,0,0,0,0,0,0,6,2016-2017,0.3,45172
Canada Development Investment Corporation,6,0,2,6,5,1,1,0,1,3,1,0,1,0,0,0,0,2,2016-2017,0.5,50383
Canada Eldor Inc.,0,0,0,0,0,0,0,0,0,0,0,0,0,0,0,0,0,0,2016-2017,0,0
Canada Foundation for Innovation,1,0,1,1,1,0,0,0,1,0,0,0,0,0,0,0,0,0,2016-2017,0.04,6970
Canada GEN Investment Corporation,1,0,1,1,1,0,0,0,0,1,0,0,0,0,0,0,0,0,2016-2017,0,0
Canada Hibernia Holding Corporation,1,0,1,1,1,0,0,1,0,0,0,0,0,0,0,0,0,0,2016-2017,0,0
Canada Lands Company CLC Limited (Canada Lands Company Limited),11,0,9,11,10,1,7,0,1,0,3,0,0,0,0,0,0,0,2016-2017,0.2,18000
Canada Lands Company Limited,1,0,1,1,1,0,0,0,0,0,1,0,0,0,0,0,0,0,2016-2017,0.1,5000
Canada Mortgage and Housing Corporation,75,8,53,83,72,11,24,2,11,12,23,3,1,0,0,0,0,36,2016-2017,1.54,333451
Canada Post Corporation,104,26,40,130,104,26,27,2,15,11,49,0,17,0,0,4,3,19,2016-2017,4.68,407502
Canada Revenue Agency,2747,1493,1134,4240,3112,1128,95,21,648,41,1813,129,702,40,116,44,860,94,2016-2017,75,5976996
Canada School of Public Service,20,4,16,24,23,1,1,1,10,0,8,0,0,0,0,0,1,13,2016-2017,1.33,101402
Canada Science and Technology Museum Corporation,3,0,0,3,3,0,0,0,0,0,3,0,0,0,0,0,1,2,2016-2017,0.13,8900
Canada-Newfoundland and Labrador Offshore Petroleum Board,20,3,6,23,22,1,2,0,17,0,1,0,0,0,1,0,0,9,2016-2017,1,95388
Canada-Nova-Scotia Offshore Petroleum Board,7,0,7,7,7,0,1,0,4,2,0,0,0,0,0,0,0,1,2016-2017,0.2,18300
Canadian Air Transport Security Authority,45,7,32,52,49,3,34,2,3,0,6,0,2,0,2,7,35,9,2016-2017,1.2,120000
Canadian Broadcasting Corporation,164,7,98,171,142,29,28,19,23,2,92,0,7,0,0,0,13,30,2016-2017,6,574779
Canadian Centre for Occupational Health and Safety,1,0,1,1,1,0,0,0,1,0,0,0,0,0,0,0,0,0,2016-2017,1,7685
Canadian Commercial Corporation,18,18,11,36,31,5,8,1,0,3,6,0,1,0,9,15,2,28,2016-2017,1.5,163856
Canadian Dairy Commission,5,0,3,5,3,2,2,1,1,0,1,0,0,0,0,0,0,1,2016-2017,0.05,4600
Canadian Environmental Assessment Agency,51,8,38,59,53,6,7,0,22,13,3,6,3,0,2,0,2,14,2016-2017,3.85,335262
Canadian Food Inspection Agency,334,52,187,386,319,67,50,8,137,32,107,0,21,0,23,15,33,231,2016-2017,13.07,1054689
Canadian Grain Commission,1,0,0,1,0,1,0,1,0,0,0,0,0,0,0,0,0,0,2016-2017,0.1,5996
Canadian Heritage,566,54,271,620,479,141,170,30,108,30,104,124,24,0,15,31,36,130,2016-2017,8.95,780839
Canadian Human Rights Commission,0,0,0,0,0,0,0,0,0,0,0,0,0,0,0,0,0,0,2016-2017,0,0
Canadian Institutes of Health Research,25,8,3,33,31,2,18,2,1,2,2,0,0,0,0,0,0,0,2016-2017,1,82000
Canadian Museum for Human Rights,4,0,1,4,3,1,1,0,1,2,0,0,2,0,0,0,1,1,2016-2017,0.1,7000
Canadian Museum of History and Canadian War Museum,10,1,4,11,7,4,7,1,0,1,1,0,0,0,0,0,2,4,2016-2017,0.9,71664
Canadian Museum of Immigration at Pier 21,1,0,1,1,1,0,0,0,1,0,0,0,0,0,0,0,0,0,2016-2017,0.05,6285
Canadian Museum of Nature,2,0,0,2,1,1,0,1,0,0,1,0,0,0,0,0,0,2,2016-2017,1.25,14150
Canadian Northern Economic Development Agency,0,0,0,0,0,0,0,0,0,0,0,0,0,0,0,0,0,0,2016-2017,0.12,15930
Canadian Nuclear Safety Commission,287,10,214,297,283,14,14,5,18,237,13,0,11,0,36,54,20,89,2016-2017,3.9,402893
Canadian Race Relations Foundation,2,0,1,2,2,0,0,0,1,1,0,0,0,0,0,0,0,0,2016-2017,0.04,2600
Canadian Radio-television and Telecommunications Commission,36,21,24,57,51,6,2,4,5,9,12,4,7,0,2,0,7,42,2016-2017,2.93,198026
Canadian Security Intelligence Service,491,52,298,543,457,86,221,42,21,1,174,32,45,111,76,314,230,11,2016-2017,7,1148072
Canadian Space Agency,53,4,25,57,55,2,13,2,12,2,19,5,1,0,0,1,1,21,2016-2017,1.3,111642
Canadian Transportation Agency,29,0,19,29,25,4,2,2,16,2,6,1,1,0,0,0,0,27,2016-2017,0.7,55368
Civilian Review and Complaints Commission for the Royal Canadian Mounted Police,11,7,3,18,14,4,1,1,2,1,4,2,0,0,1,0,9,0,2016-2017,0.49,39271
Communication Security Establishment Canada,144,42,80,186,138,48,81,6,0,1,55,1,11,3,21,136,43,20,2016-2017,5.75,464958
Copyright Board Canada,70,0,26,70,29,41,0,0,0,10,60,0,0,0,0,0,0,1,2016-2017,0.3,105000
Correctional Service of Canada,582,252,228,834,508,326,128,15,44,14,377,4,127,2,17,3,185,37,2016-2017,7,564163
Defence Construction Canada,38,10,18,48,35,13,7,1,25,2,3,0,7,0,0,3,3,19,2016-2017,3,136757
Department of Finance Canada,839,180,335,1019,780,239,284,15,149,54,112,225,14,0,78,102,260,215,2016-2017,15,1050039
Department of Justice Canada,676,106,455,782,652,130,127,38,111,26,213,161,51,0,22,57,16,26,2016-2017,18.19,1676811
Destination Canada,9,0,9,9,9,0,0,2,0,2,3,2,6,0,2,0,0,2,2016-2017,0.1,16000
Canada Economic Development for Québec Regions,41,4,35,45,45,0,8,3,6,9,15,0,1,0,0,0,0,16,2016-2017,1.31,100742
Elections Canada,92,13,43,105,84,21,8,6,12,6,21,39,2,0,1,0,11,14,2016-2017,2.42,180794
Employment and Social Development Canada,2268,379,1200,2647,2276,371,670,22,438,113,580,445,226,4,17,64,255,229,2016-2017,21.06,1753395
Environment and Climate Change Canada,1720,281,1047,2001,1529,472,155,17,1184,72,168,124,100,4,29,29,58,150,2016-2017,16.35,1221294
Exinvest Inc,1,0,1,1,1,0,0,0,0,1,0,0,0,0,0,0,0,0,2016-2017,0.01,1459
Export Development Canada,19,0,17,19,18,1,2,1,3,3,10,0,2,0,0,0,0,1,2016-2017,1.58,169668
Farm Credit Canada,9,1,1,10,9,1,0,2,1,4,2,0,0,0,0,0,0,0,2016-2017,0.5,25000
Farm Products Council of Canada,1,0,1,1,1,0,0,0,1,0,0,0,0,0,0,0,0,0,2016-2017,0.05,3437
Federal Bridge Corporation Limited,8,1,8,9,9,0,1,0,0,3,4,0,0,0,0,0,0,1,2016-2017,2,0
Federal Economic Development Agency for Southern Ontario,53,13,29,66,61,5,5,3,18,6,18,3,7,0,0,0,0,33,2016-2017,4.61,172759
Federal Public Service Health Care Plan Administration Authority,5,0,5,5,5,0,0,0,0,0,5,0,0,0,0,0,0,0,2016-2017,1,601
Financial Consumer Agency of Canada,6,1,6,7,7,0,1,0,1,0,4,0,0,0,0,0,0,1,2016-2017,0.68,49500
Financial Transactions and Reports Analysis Centre of Canada,95,20,59,115,96,19,50,4,30,4,7,0,6,7,9,17,76,51,2016-2017,2,177500
First Nations Financial Management Board,1,0,1,1,1,0,1,0,0,0,0,0,0,0,0,0,0,0,2016-2017,0,10000
First Nations Tax Commission,0,0,0,0,0,0,0,0,0,0,0,0,0,0,0,0,0,0,2016-2017,0.22,29117
Fisheries and Oceans Canada,504,76,271,580,477,103,58,14,148,50,164,70,27,2,17,24,93,191,2016-2017,23.66,2113201
Freshwater Fish Marketing Corporation,3,6,0,9,4,5,1,0,1,1,0,0,0,0,0,0,0,1,2016-2017,1,140067
Global Affairs Canada,1233,332,358,1565,1268,297,624,97,141,82,289,0,101,2,273,721,107,406,2016-2017,48.84,3928303
Great Lakes Pilotage Authority,1,0,0,1,1,0,1,0,0,0,0,0,0,0,0,0,0,0,2016-2017,0.28,20300
Gwich'in Land and Water Board,0,0,0,0,0,0,0,0,0,0,0,0,0,0,0,0,0,0,2016-2017,0,0
Gwich'in Land Use Planning Board,0,0,0,0,0,0,0,0,0,0,0,0,0,0,0,0,0,0,2016-2017,0,0
Halifax Port Authority,7,0,7,7,7,0,0,0,1,6,0,0,0,0,0,0,0,1,2016-2017,3,6400
Hamilton Port Authority,3,0,3,3,3,0,0,0,0,0,3,0,0,0,0,0,0,2,2016-2017,0.03,4125
Health Canada,1959,1047,596,3006,1388,1618,288,47,1029,112,299,184,285,36,32,29,65,284,2016-2017,53.29,5078121
Historic Sites and Monuments Board of Canada,3,0,0,3,3,0,0,3,0,0,0,0,0,0,0,0,0,1,2016-2017,0.3,21499
Immigration and Refugee Board,230,9,178,239,195,44,15,15,167,6,27,0,8,0,0,0,14,6,2016-2017,2.15,178000
Immigration Refugees and Citizenship Canada,50728,5242,34772,55970,48733,7237,304,1595,28330,2380,16223,1896,3070,1,2195,9573,20253,99,2016-2017,48.35,3367366
Indigenous and Northern Affairs Canada,732,138,359,870,708,162,212,58,136,64,240,22,37,8,25,3,47,247,2016-2017,13.2,524056
Innovation Science and Economic Development Canada,1476,118,998,1594,1371,223,364,95,395,145,133,344,67,0,18,46,30,233,2016-2017,13.23,1089570
International Development Research Centre,8,0,8,8,8,0,0,1,1,6,0,0,0,0,0,1,0,2,2016-2017,0.5,10000
Jacques Cartier and Champlain Bridges Incorporated,6,0,3,6,6,0,3,0,1,0,2,0,0,0,0,0,1,10,2016-2017,0.2,17247
Laurentian Pilotage Authority Canada,1,0,0,1,1,0,0,0,1,0,0,0,0,0,0,0,0,0,2016-2017,0.08,9810
Library and Archives of Canada,1125,102,707,1227,986,241,55,559,38,19,85,369,75,1,79,51,6,27,2016-2017,22,1521861
Mackenzie Valley Environmental Impact Review Board,0,0,0,0,0,0,0,0,0,0,0,0,0,0,0,0,0,0,2016-2017,1,538
Mackenzie Valley Land and Water Board,0,0,0,0,0,0,0,0,0,0,0,0,0,0,0,0,0,0,2016-2017,0,0
Marine Atlantic Inc,12,0,4,12,11,1,0,1,8,2,1,0,0,0,0,0,0,2,2016-2017,0.9,146750
Military Grievances External Review Committee,0,0,0,0,0,0,0,0,0,0,0,0,0,0,0,0,0,0,2016-2017,1,3231
Military Police Complaints Commission,16,8,17,24,24,0,0,0,12,0,4,0,3,0,0,0,13,0,2016-2017,0.8,40233
Montreal Port Authority,12,0,3,12,10,2,7,0,3,0,2,0,0,0,0,0,4,3,2016-2017,0.2,38000
Nanaimo Port Authority,3,3,0,6,5,1,0,1,1,0,1,0,0,0,0,0,0,2,2016-2017,1,32750
National Arts Centre,2,0,2,2,2,0,1,1,0,0,0,0,0,0,0,0,0,0,2016-2017,0.1,14375
National Capital Commission,96,21,48,117,102,15,36,2,1,9,43,5,4,0,1,2,32,28,2016-2017,2.62,306482
National Defence,2838,673,1062,3511,2232,1279,1177,73,144,128,1132,184,666,2,104,489,256,333,2016-2017,38.38,3224466
National Energy Board,198,9,104,207,160,47,147,0,12,7,32,0,11,0,4,0,12,17,2016-2017,2.8,315404
National Film Board of Canada,19,2,16,21,20,1,0,6,0,2,5,6,1,0,0,0,0,8,2016-2017,0.6,32740
National Gallery of Canada,7,1,1,8,5,3,0,0,3,1,2,1,1,0,0,0,2,4,2016-2017,0.18,37577
National Research Council of Canada,45,4,26,49,41,8,10,2,16,1,14,2,8,0,0,0,1,17,2016-2017,1.45,229538
Natural Resources Canada,647,102,272,749,633,116,212,17,122,54,183,59,44,0,32,102,91,215,2016-2017,14.26,1464758
Natural Sciences and Engineering Research Council of Canada,36,2,7,38,20,18,0,6,18,1,11,0,2,0,0,0,2,25,2016-2017,1.52,155425
Northern Pipeline Agency Canada,5,0,4,5,5,0,3,0,1,1,0,0,0,0,0,0,0,1,2016-2017,0.08,1000
Nunavut Water Board,0,0,0,0,0,0,0,0,0,0,0,0,0,0,0,0,0,0,2016-2017,0.01,1012
Office of Infrastructure of Canada,178,68,89,246,211,35,123,0,27,5,10,13,11,0,20,5,14,52,2016-2017,5.97,471098
Office of the Administrator of the Ship-source Oil Pollution Fund,1,0,0,1,1,0,0,0,1,0,0,0,0,0,0,0,0,0,2016-2017,2.25,32440
Office of the Auditor General of Canada,7,1,4,8,7,1,1,0,2,0,4,0,2,0,0,0,0,0,2016-2017,1.25,113182
Office of the Commissioner of Lobbying,8,0,6,8,8,0,2,0,0,1,4,1,0,3,0,0,3,2,2016-2017,0.25,6425
Office of the Commissioner of Official Languages,19,2,17,21,20,1,3,0,10,0,6,0,1,0,0,0,3,0,2016-2017,0.35,35500
Office of the Correctional Investigator of Canada,21,1,8,22,22,0,2,0,3,2,14,0,0,0,0,0,17,4,2016-2017,0.5,25965
Office of the Information Commissioner of Canada,85,1,79,86,85,1,15,0,15,2,53,0,1,0,0,0,31,7,2016-2017,0.96,153911
Office of the Ombudsman for the Department of National Defence and the Canadian Forces,1,0,1,1,1,0,0,0,0,0,1,0,1,0,0,0,0,0,2016-2017,0.06,4418
Office of the Privacy Commissioner of Canada,100,4,65,104,90,14,38,0,17,4,38,3,15,0,0,5,29,14,2016-2017,2,180426
Office of the Public Sector Integrity Commissioner of Canada,8,16,11,24,24,0,1,0,1,0,6,0,13,0,0,0,8,0,2016-2017,0.75,37100
Office of the Superintendent of Financial Institutions Canada,63,6,38,69,61,8,11,2,31,0,19,0,5,0,1,2,7,37,2016-2017,1.25,219259
Old Port of Montreal,0,0,0,0,0,0,0,0,0,0,0,0,0,0,0,0,0,0,2016-2017,0,0
Oshawa Port Authority,2,0,1,2,2,0,0,0,0,0,2,0,1,0,0,0,0,0,2016-2017,0.2,31903
Pacific Pilotage Authority Canada,8,0,6,8,8,0,0,0,0,3,5,0,0,0,0,0,0,0,2016-2017,0.19,13000
Parc Downsview Park Inc.,9,0,0,9,3,6,0,0,9,0,0,0,0,0,0,0,0,0,2016-2017,1.2,81000
Parks Canada Agency,288,83,155,371,265,106,97,11,105,23,52,0,12,0,27,10,37,91,2016-2017,11,867745
Parole Board of Canada,35,6,34,41,39,2,7,0,11,9,8,0,2,0,0,0,0,1,2016-2017,0.7,49710
Patented Medicine Prices Review Board,1,0,1,1,1,0,0,0,0,1,0,0,0,0,0,0,0,0,2016-2017,0,0
Pierre Eliott Trudeau Foundation,18,0,2,18,17,1,7,0,0,0,1,10,0,0,0,0,0,1,2016-2017,0.31,54795
Polar Knowledge Canada,0,0,0,0,0,0,0,0,0,0,0,0,0,0,0,0,0,0,2016-2017,0,0
Port Alberni Port Authority,1,0,0,1,1,0,0,0,0,1,0,0,1,0,0,0,0,0,2016-2017,0.5,29427
Port Metro Vancouver,10,1,5,11,8,3,2,1,2,3,2,0,0,0,0,0,1,8,2016-2017,1.1,45000
PPP Canada Inc.,5,1,2,6,5,1,0,0,0,0,5,0,0,0,0,1,0,4,2016-2017,0.5,55335
Prince Rupert Port Authority,6,0,4,6,6,0,1,0,3,2,0,0,0,0,0,0,0,3,2016-2017,0.02,2000
Privy Council Office,879,189,321,1068,827,241,387,71,81,56,284,0,57,0,20,198,212,136,2016-2017,21.46,1740664
Public Health Agency of Canada,133,36,88,169,131,38,31,2,44,5,33,18,20,0,20,12,14,21,2016-2017,5,479275
Public Prosecution Service of Canada,45,2,28,47,35,12,3,1,7,3,31,0,3,0,1,0,1,2,2016-2017,2.55,184159
Public Safety Canada,417,41,194,458,368,90,229,38,40,7,62,41,22,0,58,158,130,60,2016-2017,13.22,1035601
Public Sector Pension Investment Board,4,1,2,5,4,1,2,1,0,1,0,0,0,0,0,0,0,6,2016-2017,0.78,55787
Public Service Commission of Canada,126,12,96,138,128,10,14,1,25,6,71,9,23,1,0,0,8,28,2016-2017,1.22,134561
Public Services and Procurement Canada,1295,196,676,1491,1163,328,483,14,340,43,360,55,183,0,11,12,31,520,2016-2017,35.5,2495063
Quebec Port Authority,11,0,11,11,11,0,0,1,2,4,4,0,0,0,0,0,0,12,2016-2017,0,0
RCMH-MRCF Inc. (Royal Canadian Mint),0,0,0,0,0,0,0,0,0,0,0,0,0,0,0,0,0,0,2016-2017,0,0
Revera Inc. (Public Sector Pension Investment Board),3,0,1,3,1,2,3,0,0,0,0,0,0,0,0,0,0,0,2016-2017,0.05,12000
Ridley Terminals Inc.,1,0,1,1,1,0,1,0,0,0,0,0,0,1,0,0,0,0,2016-2017,0.2,34000
Royal Canadian Mint,23,2,7,25,19,6,7,2,0,1,6,7,3,0,1,0,0,11,2016-2017,1.53,152681
Royal Canadian Mounted Police,4826,224,2249,5050,3858,1192,516,150,586,162,3068,344,660,27,320,27,2211,87,2016-2017,30.59,2384266
Royal Canadian Mounted Police External Review Committee,6,3,7,9,9,0,1,0,0,2,3,0,1,1,0,0,2,0,2016-2017,0.1,10000
Saguenay Port Authority,0,1,0,1,1,0,0,0,0,0,0,0,0,0,0,0,0,3,2016-2017,0.01,1000
Sahtu Land and Water Board,1,0,1,1,1,0,0,0,0,0,0,1,0,0,0,0,0,0,2016-2017,0,0
Sahtu Land Use Planning Board,0,0,0,0,0,0,0,0,0,0,0,0,0,0,0,0,0,0,2016-2017,0,0
Saint John Port Authority,2,0,2,2,2,0,0,0,0,0,2,0,0,0,0,0,0,0,2016-2017,0.13,10790
Seaway International Bridge Corporation,2,0,2,2,2,0,0,0,0,2,0,0,0,0,0,0,0,0,2016-2017,2,0
Security Intelligence Review Committee,10,5,7,15,13,2,4,1,4,0,1,0,0,0,2,4,2,6,2016-2017,0.39,26829
Sept-Îles Port Authority,2,1,3,3,3,0,0,0,0,1,1,0,0,0,0,0,0,3,2016-2017,0.25,0
Shared Services Canada,278,30,192,308,285,23,50,7,87,8,67,59,12,0,0,11,83,133,2016-2017,14.53,1227985
Social Sciences and Humanities Research Council,69,2,37,71,66,5,0,50,12,0,7,0,1,0,0,0,9,31,2016-2017,1.57,115897
St. John's Port Authority,0,0,0,0,0,0,0,0,0,0,0,0,0,0,0,0,0,0,2016-2017,0,0
Standards Council of Canada,4,0,3,4,4,0,0,1,0,0,3,0,0,0,1,1,0,1,2016-2017,0.1,36000
Statistics Canada,222,3,176,225,212,13,41,12,16,32,121,0,1,0,0,0,32,54,2016-2017,2.79,256712
Status of Women Canada,50,1,12,51,38,13,32,0,0,6,6,6,1,0,0,1,0,6,2016-2017,1.95,148204
Sustainable Development Technology Canada,4,3,1,7,7,0,0,0,1,0,3,0,1,0,0,0,1,10,2016-2017,1,47568
Telefilm Canada,10,4,4,14,5,9,0,0,10,0,0,0,1,0,0,0,0,4,2016-2017,1.75,162751
The National Battlefields Commission,4,1,4,5,5,0,3,0,0,1,0,0,0,0,0,0,0,0,2016-2017,0.15,0
Thunder Bay Port Authority,1,0,0,1,1,0,0,0,0,1,0,0,0,0,0,0,0,0,2016-2017,0.01,750
Toronto Port Authority,8,1,2,9,6,3,0,0,1,1,6,0,1,0,0,0,0,0,2016-2017,5,44213
Transport Canada,994,268,335,1262,804,458,328,33,190,87,233,123,128,0,132,81,169,245,2016-2017,14.36,1198938
Transportation Safety Board of Canada,119,24,71,143,119,24,14,3,65,9,27,1,22,0,19,3,16,76,2016-2017,6.33,501737
Treasury Board of Canada Secretariat,534,122,238,656,523,133,105,14,53,15,254,93,74,0,3,30,34,76,2016-2017,7.82,583243
Trois-Rivières Port Authority,2,0,2,2,2,0,0,0,0,0,2,0,0,0,0,0,0,0,2016-2017,0,70
Veterans Affairs Canada,380,49,224,429,375,54,97,8,34,19,177,45,21,1,0,0,34,47,2016-2017,8.43,568035
Veterans Review and Appeal Board,3,0,2,3,3,0,0,0,0,1,2,0,0,0,0,0,0,0,2016-2017,0.65,47256
VIA Rail Canada,39,1,14,40,25,15,5,4,6,3,20,1,3,0,0,0,3,8,2016-2017,1.35,101095
Western Economic Diversification Canada,17,0,9,17,13,4,6,0,2,3,6,0,1,0,1,0,1,7,2016-2017,0.82,81842
Windsor Port Authority,0,0,0,0,0,0,0,0,0,0,0,0,0,0,0,0,0,0,2016-2017,0,500
Windsor-Detroit Bridge Authority,18,2,9,20,11,9,2,0,2,0,14,0,5,0,4,2,3,6,2016-2017,1.2,158866
Yukon Environment Socio-Economic Assessment Board,0,0,0,0,0,0,0,0,0,0,0,0,0,0,0,0,0,0,2016-2017,1,0
Yukon Surface Rights Board,0,0,0,0,0,0,0,0,0,0,0,0,0,0,0,0,0,0,2016-2017,0,0
Administrative Tribunals Support Service of Canada,23,7,14,30,18,12,4,0,5,1,12,1,2,0,0,0,0,4,2017-2018,1.58,147482
Agriculture and Agri-Food Canada,166,36,108,202,184,18,28,7,69,13,46,3,13,0,5,27,25,80,2017-2018,7.79,768508
Asia Pacific Foundation of Canada,0,0,0,0,0,0,0,0,0,0,0,0,0,0,0,0,0,0,2017-2018,1,3500
Atlantic Canada Opportunities Agency,20,3,4,23,23,0,3,1,5,0,11,0,1,0,4,0,2,38,2017-2018,2.3,205596
Atlantic Pilotage Authority Canada,0,0,0,0,0,0,0,0,0,0,0,0,0,0,0,0,0,0,2017-2018,0,0
Atomic Energy of Canada Limited,26,2,21,28,28,0,0,0,2,5,19,0,3,0,0,0,7,21,2017-2018,1.5,212116
Bank of Canada,38,16,16,54,34,20,18,3,2,0,11,4,7,0,4,4,9,12,2017-2018,5.66,682180
Belledune Port Authority,0,0,0,0,0,0,0,0,0,0,0,0,0,0,0,0,0,0,2017-2018,0,0
British Columbia Treaty Commission,1,0,0,1,1,0,0,0,0,1,0,0,0,0,0,0,0,0,2017-2018,0,0
Business Development Bank of Canada,9,1,9,10,9,1,4,0,0,0,5,0,0,0,0,0,1,0,2017-2018,1,111489
Canada Border Services Agency,7466,1479,4027,8945,7219,1726,236,195,3187,188,3239,421,824,0,1436,1246,3832,51,2017-2018,19.02,1946801
Canada Council for the Arts,10,1,7,11,10,1,2,4,0,1,2,1,0,0,0,0,0,2,2017-2018,0.32,41857
Canada Deposit Insurance Corporation,0,0,0,0,0,0,0,0,0,0,0,0,0,0,0,0,0,0,2017-2018,0.12,8196
Canada Development Investment Corporation,6,1,1,7,6,1,0,0,1,2,2,1,1,0,0,0,0,9,2017-2018,0.5,61742
Canada Eldor Inc.,0,0,0,0,0,0,0,0,0,0,0,0,0,0,0,0,0,0,2017-2018,0,0
Canada Foundation for Innovation,0,0,0,0,0,0,0,0,0,0,0,0,0,0,0,0,0,0,2017-2018,0.04,5760
Canada GEN Investment Corporation,0,0,0,0,0,0,0,0,0,0,0,0,0,0,0,0,0,0,2017-2018,0,0
Canada Hibernia Holding Corporation,0,0,0,0,0,0,0,0,0,0,0,0,0,0,0,0,0,0,2017-2018,0,0
Canada Lands Company CLC Limited (Canada Lands Company Limited),12,0,3,12,9,3,7,2,2,0,1,0,0,0,0,0,0,4,2017-2018,0.2,22000
Canada Lands Company Limited,0,0,0,0,0,0,0,0,0,0,0,0,0,0,0,0,0,0,2017-2018,0.01,1500
Canada Mortgage and Housing Corporation,64,11,43,75,65,10,22,0,8,0,32,2,0,0,1,0,1,37,2017-2018,2.22,350153
Canada Post Corporation,58,25,23,83,67,16,21,0,4,4,29,0,5,0,0,0,11,14,2017-2018,2.08,199982
Canada Revenue Agency,2750,1126,1177,3876,2772,1104,106,43,902,73,1479,147,516,45,105,16,853,65,2017-2018,59.5,5115666
Canada School of Public Service,29,1,26,30,30,0,1,0,7,0,20,1,0,0,0,0,0,17,2017-2018,1.31,75698
Canada-Newfoundland and Labrador Offshore Petroleum Board,8,1,1,9,5,4,4,1,3,0,0,0,0,0,0,0,0,5,2017-2018,1,100157
Canada-Nova-Scotia Offshore Petroleum Board,9,0,6,9,9,0,6,0,2,1,0,0,0,0,0,0,0,1,2017-2018,47,3100
Canadian Air Transport Security Authority,30,3,17,33,30,3,21,0,1,0,8,0,0,0,0,9,12,12,2017-2018,1.2,120000
Canadian Broadcasting Corporation,129,29,67,158,123,35,32,4,10,7,58,18,13,0,0,0,35,33,2017-2018,6,673776
Canadian Centre for Occupational Health and Safety,4,0,4,4,4,0,0,0,0,2,2,0,0,0,0,0,0,1,2017-2018,0.11,8146
Canadian Commercial Corporation,9,5,2,14,10,4,2,0,0,1,3,3,0,0,2,6,3,10,2017-2018,1.48,172446
Canadian Dairy Commission,1,2,1,3,3,0,1,0,0,0,0,0,1,0,0,0,2,3,2017-2018,0.5,4600
Canadian Environmental Assessment Agency,28,6,19,34,32,2,2,1,18,7,0,0,4,0,4,0,6,13,2017-2018,3.51,274704
Canadian Food Inspection Agency,387,67,221,454,385,69,46,8,174,31,128,0,32,0,34,23,50,295,2017-2018,13.76,1151926
Canadian Grain Commission,0,1,1,1,1,0,0,0,0,0,0,0,0,0,0,0,0,0,2017-2018,0.1,6565
Canadian Heritage,799,143,370,942,721,221,372,16,160,16,96,139,20,0,19,41,46,148,2017-2018,10.25,880612
Canadian Human Rights Commission,38,5,28,43,39,4,0,2,2,0,34,0,2,0,0,0,0,0,2017-2018,4.13,263749
Canadian Institutes of Health Research,5,3,3,8,8,0,2,1,0,0,2,0,0,0,0,0,0,10,2017-2018,1,82000
Canadian Museum for Human Rights,4,2,2,6,6,0,1,0,0,3,0,0,0,0,0,0,3,5,2017-2018,0.2,15289
Canadian Museum of History and the Canadian War Museum,6,4,3,10,8,2,1,0,2,1,2,0,0,0,0,0,3,7,2017-2018,0.9,49080
Canadian Museum of Immigration at Pier 21,0,0,0,0,0,0,0,0,0,0,0,0,0,0,0,0,0,0,2017-2018,0.05,6285
Canadian Museum of Nature,1,1,1,2,2,0,0,0,1,0,0,0,0,0,0,0,0,0,2017-2018,1.25,13550
Canadian Northern Economic Development Agency,1,0,0,1,0,1,1,0,0,0,0,0,0,0,0,0,0,0,2017-2018,0.01,9000
Canadian Nuclear Safety Commission,289,14,199,303,267,36,7,0,13,245,24,0,12,0,9,15,8,34,2017-2018,3.71,306599
Canadian Race Relations Foundation,0,0,0,0,0,0,0,0,0,0,0,0,0,0,0,0,0,0,2017-2018,0.02,2000
Canadian Radio-television and Telecommunications Commission,36,6,16,42,30,12,3,0,9,8,16,0,3,0,1,0,2,17,2017-2018,3.23,196386
Canadian Security Intelligence Service,851,86,613,937,791,146,127,82,137,6,440,59,58,150,87,512,450,1,2017-2018,7.5,580004
Canadian Space Agency,17,2,16,19,18,1,6,0,4,0,6,1,2,0,1,2,0,1,2017-2018,0.7,60660
Canadian Transportation Agency,44,4,40,48,47,1,8,0,8,18,2,8,4,0,1,2,1,14,2017-2018,1.18,64972
Civilian Review and Complaints Commission for the Royal Canadian Mounted Police,17,4,9,21,14,7,2,0,0,0,10,5,3,0,0,0,6,0,2017-2018,0.42,35561
Communication Security Establishment,104,48,45,152,82,70,70,8,10,1,15,0,9,9,4,49,22,16,2017-2018,4.04,370214
Copyright Board Canada,5,1,0,6,4,2,0,1,0,0,4,0,0,0,0,0,0,0,2017-2018,0.3,23000
Correctional Service of Canada,474,327,92,801,377,424,32,2,8,10,422,0,140,4,4,1,92,39,2017-2018,10,624609
Crown-Indigenous Relations and Northern Affairs Canada,516,162,226,678,567,111,140,56,93,40,166,21,57,6,16,0,46,239,2017-2018,10.72,774007
Defence Construction Canada,18,13,11,31,28,3,0,0,15,0,3,0,3,0,0,2,3,33,2017-2018,2.06,158184
Department of Finance Canada,913,239,358,1152,874,278,275,15,297,28,132,166,36,0,77,135,340,305,2017-2018,14.74,1239191
Department of Justice Canada,809,130,472,939,702,237,160,47,115,43,290,154,54,2,25,28,19,20,2017-2018,19.5,1841466
Destination Canada,2,0,1,2,2,0,1,0,0,0,0,1,1,0,0,0,0,0,2017-2018,0.1,12000
Development Finance Institute Canada,0,0,0,0,0,0,0,0,0,0,0,0,0,0,0,0,0,0,2017-2018,0.01,1634
Economic Development Agency of Canada for the Regions of Quebec,36,0,33,36,35,1,17,1,3,3,12,0,4,0,0,0,0,6,2017-2018,1.35,114120
Elections Canada,40,21,25,61,50,11,9,1,7,0,12,11,3,0,0,2,20,6,2017-2018,2.74,304279
Employment and Social Development Canada,1942,371,1081,2313,1899,414,649,39,357,124,611,162,342,1,13,39,147,152,2017-2018,16.8,1422670
Environment and Climate Change Canada,1999,472,1350,2471,2022,449,219,13,1423,81,227,36,164,1,37,34,102,218,2017-2018,21.5,1623559
Exinvest Inc,0,0,0,0,0,0,0,0,0,0,0,0,0,0,0,0,0,0,2017-2018,0.01,1634
Export Development Canada,11,2,7,13,9,4,3,2,1,2,3,0,1,0,3,2,1,3,2017-2018,5.04,167846
Farm Credit Canada,5,1,6,6,6,0,0,2,0,0,3,0,0,0,0,0,0,0,2017-2018,0.5,25000
Farm Products Council of Canada,0,0,0,0,0,0,0,0,0,0,0,0,0,0,0,0,0,0,2017-2018,0.05,1370
Federal Bridge Corporation Limited,1,0,0,1,1,0,0,0,1,0,0,0,0,0,0,0,0,2,2017-2018,0.01,900
Federal Economic Development Agency for Southern Ontario,19,5,19,24,20,4,2,1,11,2,2,1,1,0,0,0,0,5,2017-2018,1.68,120722
Federal Public Service Health Care Plan Administration Authority,1,0,1,1,1,0,0,0,0,0,1,0,0,0,0,0,0,0,2017-2018,0.1,5742
Financial Consumer Agency of Canada,13,0,3,13,6,7,7,0,3,0,3,0,0,0,0,0,1,3,2017-2018,1,105500
Financial Transactions and Reports Analysis Centre of Canada,56,19,40,75,64,11,23,2,21,1,8,1,5,6,5,10,56,33,2017-2018,2,202000
First Nations Financial Management Board,1,0,1,1,1,0,0,0,0,0,1,0,0,0,0,0,0,0,2017-2018,4,4500
First Nations Tax Commission,0,0,0,0,0,0,0,0,0,0,0,0,0,0,0,0,0,0,2017-2018,0.22,23683
Fisheries and Oceans Canada,466,103,284,569,481,88,61,8,166,47,130,54,33,3,31,17,132,198,2017-2018,21.02,2765015
Freshwater Fish Marketing Corporation,1,5,1,6,6,0,1,0,0,0,0,0,1,0,0,0,0,2,2017-2018,0.1,14132
Global Affairs Canada,1680,297,680,1977,1569,408,702,122,399,70,274,113,152,5,212,597,137,325,2017-2018,53.72,4621504
Great Lakes Pilotage Authority,1,1,0,2,1,1,1,0,0,0,0,0,0,0,0,0,0,0,2017-2018,0.04,3000
Gwich'in Land and Water Board,0,0,0,0,0,0,0,0,0,0,0,0,0,0,0,0,0,0,2017-2018,0,0
Gwich'in Land Use Planning Board,0,0,0,0,0,0,0,0,0,0,0,0,0,0,0,0,0,0,2017-2018,0,0
Halifax Port Authority,4,0,4,4,4,0,0,0,0,4,0,0,0,0,0,0,0,1,2017-2018,0.1,2000
Hamilton Port Authority,0,0,0,0,0,0,0,0,0,0,0,0,0,0,0,0,0,0,2017-2018,0.03,4125
Health Canada,1806,1612,777,3418,1808,1610,243,60,933,129,260,181,358,8,29,14,69,380,2017-2018,68.39,6209350
Historic Sites and Monuments Board of Canada,2,0,1,2,2,0,0,1,0,0,1,0,0,0,0,0,0,0,2017-2018,0.02,920
Immigration and Refugee Board,238,44,211,282,263,19,28,20,155,10,25,0,7,0,3,3,31,4,2017-2018,2.5,209250
Immigration Refugees and Citizenship Canada,64234,7293,34011,71527,59021,12506,287,1913,36965,3017,19459,2593,2594,1,2858,12046,16906,103,2017-2018,56.09,4225452
Indigenous Services Canada,110,0,40,110,60,50,28,17,19,12,32,2,9,1,1,0,5,13,2017-2018,1.82,131322
Ingenium - Canada's Museums of Science and Innovation,3,0,0,3,0,3,3,0,0,0,0,0,0,0,0,0,0,0,2017-2018,0.13,7800
Innovation Science and Economic Development Canada,1700,223,909,1923,1544,379,596,27,700,81,87,209,95,0,28,65,54,440,2017-2018,13.51,1216776
International Development Research Centre,1,0,1,1,1,0,0,0,0,1,0,0,0,0,0,0,0,0,2017-2018,0.5,10000
Jacques Cartier and Champlain Bridges Incorporated,6,0,4,6,6,0,5,0,0,0,1,0,0,0,0,0,1,6,2017-2018,0.15,12956
Laurentian Pilotage Authority Canada,0,0,0,0,0,0,0,0,0,0,0,0,0,0,0,0,0,0,2017-2018,0.05,8164
Library and Archives of Canada,1281,242,875,1523,1122,401,65,536,45,49,273,313,82,0,32,52,6,28,2017-2018,26.31,1879064
Mackenzie Valley Environmental Impact Review Board,0,0,0,0,0,0,0,0,0,0,0,0,0,0,0,0,0,0,2017-2018,0.02,567
Mackenzie Valley Land and Water Board,0,0,0,0,0,0,0,0,0,0,0,0,0,0,0,0,0,0,2017-2018,0,0
Marine Atlantic Inc,0,1,0,1,1,0,0,0,0,0,0,0,0,0,0,0,0,0,2017-2018,0.08,8400
Military Grievances External Review Committee,2,0,2,2,2,0,0,0,0,0,2,0,0,0,0,0,0,0,2017-2018,0.1,4828
Military Police Complaints Commission,7,0,6,7,7,0,0,0,6,0,1,0,0,0,0,0,0,0,2017-2018,0.02,6265
Montreal Port Authority,7,2,2,9,6,3,2,0,1,1,3,0,1,0,0,0,1,0,2017-2018,0.2,35000
Nanaimo Port Authority,9,1,0,10,10,0,0,0,0,0,9,0,2,0,0,0,0,0,2017-2018,0.06,10500
National Arts Centre,0,0,0,0,0,0,0,0,0,0,0,0,0,0,0,0,0,0,2017-2018,0.1,14375
National Capital Commission,66,15,27,81,58,23,24,14,1,4,17,6,9,0,0,2,24,37,2017-2018,3.14,341501
National Defence,2055,1279,870,3334,2082,1252,523,40,106,70,1238,78,584,6,114,857,82,257,2017-2018,37.75,3536191
National Energy Board,112,47,52,159,147,12,82,2,14,2,12,0,7,0,0,0,18,34,2017-2018,5.57,531396
National Film Board of Canada,12,1,9,13,13,0,0,4,0,0,8,0,0,0,0,0,0,5,2017-2018,0.6,37043
National Gallery of Canada,6,3,1,9,8,1,0,1,2,2,1,0,2,0,0,0,5,9,2017-2018,0.54,73947
National Research Council of Canada,33,8,18,41,34,7,2,1,15,4,9,2,0,0,0,0,1,28,2017-2018,1.95,222436
Natural Resources Canada,882,116,536,998,901,97,291,14,121,54,302,100,157,0,34,151,74,247,2017-2018,12.36,1363517
Natural Sciences and Engineering Research Council of Canada,13,16,15,29,26,3,0,2,6,2,3,0,6,0,0,0,4,22,2017-2018,1.84,179911
"Non-Public Property and Staff of the Non-Public Funds, Canadian Forces",15,0,4,15,12,3,0,0,0,2,7,6,0,0,0,0,1,3,2017-2018,0.5,77898
Northern Pipeline Agency Canada,1,0,1,1,1,0,1,0,0,0,0,0,0,0,0,0,0,0,2017-2018,0.08,1000
Nunavut Impact Review Board,1,0,1,1,1,0,0,1,0,0,0,0,0,0,0,0,0,0,2017-2018,0.1,15888
Nunavut Surface Rights Tribunal,0,0,0,0,0,0,0,0,0,0,0,0,0,0,0,0,0,0,2017-2018,0,0
Nunavut Water Board,0,0,0,0,0,0,0,0,0,0,0,0,0,0,0,0,0,0,2017-2018,0.01,1200
Office of Infrastructure of Canada,169,34,57,203,145,58,142,3,6,6,1,11,3,0,13,10,7,19,2017-2018,6.45,462225
Office of the Administrator of the Ship-source Oil Pollution Fund,0,0,0,0,0,0,0,0,0,0,0,0,0,0,0,0,0,0,2017-2018,0.05,5205
Office of the Auditor General of Canada,18,1,8,19,11,8,1,0,4,0,13,0,3,0,0,0,5,0,2017-2018,1.75,267483
Office of the Commissioner of Lobbying,5,0,5,5,5,0,1,0,0,0,0,4,0,0,0,0,5,0,2017-2018,0.1,6715
Office of the Commissioner of Official Languages,15,4,9,19,13,6,2,0,7,0,4,2,0,0,0,0,5,0,2017-2018,0.58,55450
Office of the Correctional Investigator of Canada,14,0,3,14,12,2,1,0,3,0,10,0,0,0,0,0,7,0,2017-2018,0.62,47009
Office of the Information Commissioner of Canada,0,0,0,0,0,0,0,0,0,0,0,0,0,0,0,0,0,0,2017-2018,0,0
Office of the Ombudsman for the Department of National Defence and the Canadian Forces,2,0,2,2,2,0,0,0,0,0,1,1,0,0,0,0,0,0,2017-2018,0.32,15721
Office of the Privacy Commissioner of Canada,49,14,36,63,55,8,18,0,14,1,16,0,11,0,2,5,35,13,2017-2018,1.36,134774
Office of the Public Sector Integrity Commissioner of Canada,2,0,2,2,2,0,1,0,0,0,1,0,0,0,0,0,0,0,2017-2018,0.1,20292
Office of the Superintendent of Financial Institutions Canada,45,7,21,52,39,13,23,0,11,0,11,0,0,0,6,6,13,45,2017-2018,2.61,440525
Old Port of Montreal,2,0,0,2,1,1,1,0,0,0,1,0,0,0,0,0,0,0,2017-2018,0.05,5000
Oshawa Port Authority,1,0,0,1,1,0,0,0,0,1,0,0,0,0,0,0,0,4,2017-2018,0.01,293
Pacific Pilotage Authority Canada,4,0,4,4,4,0,0,0,0,1,2,1,0,0,0,0,0,0,2017-2018,0.19,5000
Parc Downsview Park Inc.,1,6,0,7,6,1,0,0,1,0,0,0,0,0,0,0,1,17,2017-2018,1.2,81000
Parks Canada Agency,336,103,192,439,404,35,103,3,37,18,175,0,14,0,31,2,20,62,2017-2018,11,1117095
Parole Board of Canada,22,2,22,24,24,0,6,1,6,0,9,0,0,0,0,0,2,3,2017-2018,0.7,50898
Patented Medicine Prices Review Board,3,0,2,3,3,0,0,0,0,0,3,0,0,0,0,0,0,2,2017-2018,0.05,10000
Pierre Eliott Trudeau Foundation,5,0,5,5,5,0,0,0,1,0,0,4,0,0,0,0,0,1,2017-2018,0.01,1199
Polar Knowledge Canada,0,0,0,0,0,0,0,0,0,0,0,0,0,0,0,0,0,0,2017-2018,0,0
Port Alberni Port Authority,1,0,1,1,1,0,0,0,1,0,0,0,1,0,0,0,0,0,2017-2018,0.5,29427
Prince Rupert Port Authority,1,0,1,1,1,0,0,0,0,1,0,0,0,0,0,0,0,0,2017-2018,0.02,2000
Privy Council Office,792,241,291,1033,769,264,290,67,160,73,202,0,31,0,18,261,217,173,2017-2018,28,1854072
Public Health Agency of Canada,146,38,80,184,114,70,33,16,15,7,56,19,31,0,10,7,8,10,2017-2018,4.21,391735
Public Prosecution Service of Canada,43,12,37,55,49,6,10,3,4,6,20,0,6,1,0,0,1,7,2017-2018,2.08,187425
Public Safety Canada,421,89,205,510,417,93,224,18,36,27,54,62,19,1,58,213,170,69,2017-2018,14.05,1056937
Public Sector Pension Investment Board,6,1,4,7,4,3,5,0,1,0,0,0,0,0,0,0,0,0,2017-2018,0.52,53787
Public Service Commission of Canada,100,10,93,110,104,6,6,3,22,5,51,13,27,0,0,0,7,9,2017-2018,1.82,155442
Public Services and Procurement Canada,1202,328,494,1530,969,561,304,11,216,49,334,288,150,0,2,29,45,479,2017-2018,29.5,2738518
Quebec Port Authority,9,0,6,9,9,0,4,0,1,2,2,0,3,0,0,0,0,6,2017-2018,0.03,11000
RCMH-MRCF Inc. (Royal Canadian Mint),0,0,0,0,0,0,0,0,0,0,0,0,0,0,0,0,0,0,2017-2018,0,0
Revera Inc. (Public Sector Pension Investment Board),0,2,0,2,2,0,0,0,0,0,0,0,0,0,0,0,0,0,2017-2018,0.05,15000
Ridley Terminals Inc.,0,0,0,0,0,0,0,0,0,0,0,0,0,0,0,0,0,0,2017-2018,0.05,16000
Royal Canadian Mint,13,6,1,19,13,6,4,0,0,0,0,9,2,0,0,0,4,15,2017-2018,1.5,138000
Royal Canadian Mounted Police,5203,1192,890,6395,2967,3428,382,126,1001,201,3030,463,634,22,242,16,852,30,2017-2018,34,2543799
Royal Canadian Mounted Police External Review Committee,2,0,2,2,2,0,1,0,0,1,0,0,0,0,0,0,0,0,2017-2018,0.1,10000
Saguenay Port Authority,1,0,1,1,1,0,1,0,0,0,0,0,0,0,0,0,0,0,2017-2018,0.02,2000
Sahtu Land and Water Board,0,0,0,0,0,0,0,0,0,0,0,0,0,0,0,0,0,0,2017-2018,0,0
Sahtu Land Use Planning Board,0,0,0,0,0,0,0,0,0,0,0,0,0,0,0,0,0,0,2017-2018,0,0
Saint John Port Authority,0,0,0,0,0,0,0,0,0,0,0,0,0,0,0,0,0,0,2017-2018,0.13,10790
Seaway International Bridge Corporation,0,0,0,0,0,0,0,0,0,0,0,0,0,0,0,0,0,0,2017-2018,0,0
Security Intelligence Review Committee,16,0,8,16,14,2,6,2,1,0,7,0,2,0,0,13,5,0,2017-2018,2,81592
Sept-Îles Port Authority,1,0,1,1,1,0,1,0,0,0,0,0,0,0,0,0,0,0,2017-2018,0.25,26250
Shared Services Canada,257,23,135,280,237,43,92,0,43,1,94,27,19,0,1,10,73,95,2017-2018,14.95,1372048
Social Sciences and Humanities Research Council,19,5,18,24,24,0,0,9,6,0,3,1,0,0,0,0,6,10,2017-2018,0.75,55262
St. John's Port Authority,0,0,0,0,0,0,0,0,0,0,0,0,0,0,0,0,0,0,2017-2018,0,0
Standards Council of Canada,53,1,27,54,30,24,1,0,12,0,0,40,0,0,0,0,14,9,2017-2018,1.6,198203
Statistics Canada,115,13,94,128,116,12,23,9,15,12,56,0,2,0,1,3,22,25,2017-2018,2.16,197943
Status of Women Canada,41,13,29,54,50,4,7,1,17,3,9,4,1,0,1,0,0,6,2017-2018,1.61,125684
Sustainable Development Technology Canada,4,0,3,4,4,0,0,0,3,0,1,0,0,0,0,0,0,3,2017-2018,0.72,53240
Telefilm Canada,28,9,11,37,28,9,1,0,27,0,0,0,0,0,12,13,0,19,2017-2018,2.85,213637
The Fund for Railway Accidents Involving Designated Goods,0,0,0,0,0,0,0,0,0,0,0,0,0,0,0,0,0,0,2017-2018,0,0
The National Battlefields Commission,1,0,1,1,1,0,1,0,0,0,0,0,0,0,0,0,0,0,2017-2018,0.05,2725
Thunder Bay Port Authority,0,0,0,0,0,0,0,0,0,0,0,0,0,0,0,0,0,0,2017-2018,0.01,500
Toronto Port Authority,0,3,0,3,3,0,0,0,0,0,0,0,0,0,0,0,0,0,2017-2018,0.6,4513
Transport Canada,937,458,453,1395,982,413,215,14,236,56,247,169,201,2,43,103,90,236,2017-2018,17.96,1307908
Transportation Safety Board of Canada,80,24,53,104,89,15,9,1,45,4,21,0,8,0,15,0,5,48,2017-2018,5.1,461827
Treasury Board of Canada Secretariat,574,133,300,707,557,150,174,19,67,33,183,98,58,1,4,32,55,85,2017-2018,10,780374
Trois-Rivières Port Authority,1,0,1,1,1,0,1,0,0,0,0,0,0,0,0,0,0,0,2017-2018,0,350
Vancouver Fraser Port Authority,8,3,7,11,10,1,1,0,3,2,2,0,0,0,0,0,0,4,2017-2018,1.1,45000
Veterans Affairs Canada,332,54,272,386,363,23,57,6,25,16,187,41,32,1,0,0,38,61,2017-2018,8.17,610158
Veterans Review and Appeal Board,12,0,11,12,12,0,0,0,0,0,11,1,0,0,0,0,0,0,2017-2018,1.29,71426
VIA Rail Canada,18,15,7,33,30,3,3,2,2,0,11,0,0,0,0,0,6,26,2017-2018,0.85,43414
Western Economic Diversification Canada,9,4,3,13,13,0,4,0,0,0,3,2,2,0,4,0,1,21,2017-2018,1.49,128529
Windsor Port Authority,1,0,0,1,0,1,0,0,0,0,1,0,0,0,0,0,0,0,2017-2018,0.2,2500
Windsor-Detroit Bridge Authority,5,9,4,14,11,3,1,0,0,3,1,0,0,0,6,5,8,6,2017-2018,1.2,93739
Yukon Environment Socio-Economic Assessment Board,0,0,0,0,0,0,0,0,0,0,0,0,0,0,0,0,0,0,2017-2018,1,0
Yukon Surface Rights Board,0,0,0,0,0,0,0,0,0,0,0,0,0,0,0,0,0,0,2017-2018,0,0
Administrative Tribunals Support Service of Canada,45,8,23,53,44,9,12,0,2,1,23,7,6,0,0,0,0,15,2018-2019,1.46,141916
Agriculture and Agri-Food Canada,140,18,64,158,124,34,46,3,44,12,31,4,19,0,0,16,11,55,2018-2019,6.3,614450
Asia Pacific Foundation of Canada,1,0,1,1,1,0,1,0,0,0,0,0,0,0,0,0,0,0,2018-2019,1,2500
Atlantic Canada Opportunities Agency,26,0,7,26,16,10,9,0,4,1,8,4,1,0,0,0,1,13,2018-2019,2.2,188054
Atlantic Pilotage Authority Canada,0,0,0,0,0,0,0,0,0,0,0,0,0,0,0,0,0,0,2018-2019,0,0
Atomic Energy of Canada Limited,29,0,22,29,25,4,2,1,3,1,22,0,3,0,0,0,7,0,2018-2019,1.5,235326
Bank of Canada,39,20,16,59,49,10,24,3,6,0,1,5,8,0,22,21,17,39,2018-2019,5.7,686622
Belledune Port Authority,0,0,0,0,0,0,0,0,0,0,0,0,0,0,0,0,0,0,2018-2019,0,0
British Columbia Treaty Commission,0,0,0,0,0,0,0,0,0,0,0,0,0,0,0,0,0,0,2018-2019,0,0
Business Development Bank of Canada,14,1,15,15,15,0,6,0,0,0,8,0,0,2,0,0,0,0,2018-2019,1,44937
Canada Border Services Agency,7673,1726,4732,9399,8037,1362,242,162,3502,179,3151,437,657,4,1916,1495,4809,55,2018-2019,25.15,2019314
Canada Council for the Arts,12,1,8,13,12,1,0,1,0,2,4,5,0,0,0,0,1,2,2018-2019,0.21,27406
Canada Deposit Insurance Corporation,1,0,1,1,1,0,1,0,0,0,0,0,0,0,0,0,0,0,2018-2019,0.07,4386
Canada Development Investment Corporation,4,1,1,5,5,0,2,0,0,0,2,0,2,0,1,0,1,7,2018-2019,0.5,56924
Canada Eldor Inc.,0,0,0,0,0,0,0,0,0,0,0,0,0,0,0,0,0,0,2018-2019,0,0
Canada Foundation for Innovation,6,0,6,6,6,0,6,0,0,0,0,0,0,0,0,0,0,0,2018-2019,0.05,8626
Canada GEN Investment Corporation,0,0,0,0,0,0,0,0,0,0,0,0,0,0,0,0,0,0,2018-2019,0,0
Canada Hibernia Holding Corporation,0,0,0,0,0,0,0,0,0,0,0,0,0,0,0,0,0,0,2018-2019,0,0
Canada Infrastructure Bank,0,0,0,0,0,0,0,0,0,0,0,0,0,0,0,0,0,0,2018-2019,0.3,30600
Canada Lands Company Limited,0,0,0,0,0,0,0,0,0,0,0,0,0,0,0,0,0,0,2018-2019,0.01,1500
Canada Mortgage and Housing Corporation,51,10,27,61,52,9,18,0,3,6,22,2,2,0,0,0,0,22,2018-2019,1.81,292130
Canada Post Corporation,72,18,28,90,67,23,17,0,12,0,43,0,5,0,0,0,7,18,2018-2019,2.6,249728
Canada Revenue Agency,2931,1102,1181,4033,2845,1188,124,59,1079,84,1413,172,589,3,96,25,877,68,2018-2019,52.5,4369785
Canada School of Public Service,25,0,13,25,16,9,2,0,12,1,10,0,0,0,0,0,0,13,2018-2019,1.31,85382
Canada-Newfoundland and Labrador Offshore Petroleum Board,5,4,1,9,8,1,3,1,0,1,0,0,0,0,0,0,1,10,2018-2019,1,102160
Canada-Nova-Scotia Offshore Petroleum Board,1,0,0,1,1,0,1,0,0,0,0,0,0,0,0,0,0,3,2018-2019,0.5,21776
Canadian Air Transport Security Authority,15,3,7,18,14,4,10,0,2,1,2,0,0,0,1,1,10,8,2018-2019,1.2,120000
Canadian Broadcasting Corporation,127,35,64,162,100,62,18,14,9,2,39,45,13,0,0,0,23,36,2018-2019,6,682878
Canadian Centre for Occupational Health and Safety,0,0,0,0,0,0,0,0,0,0,0,0,0,0,0,0,0,0,2018-2019,0.01,124
Canadian Commercial Corporation,18,4,14,22,20,2,8,0,2,0,8,0,5,0,2,13,1,5,2018-2019,1.05,167311
Canadian Dairy Commission,2,0,0,2,1,1,0,0,1,1,0,0,0,0,0,0,0,2,2018-2019,0,0
Canadian Environmental Assessment Agency,46,2,28,48,36,12,6,1,26,8,3,2,1,0,1,0,17,23,2018-2019,2.69,254976
Canadian Food Inspection Agency,302,69,175,371,309,62,32,1,165,15,77,12,23,0,30,25,39,225,2018-2019,12.84,1038785
Canadian Grain Commission,5,0,1,5,1,4,2,0,3,0,0,0,0,0,0,0,0,0,2018-2019,0.2,13120
Canadian Heritage,820,222,463,1042,863,179,331,15,174,12,191,97,22,0,32,34,32,110,2018-2019,9.85,895627
Canadian Human Rights Commission,18,4,9,22,20,2,1,0,1,16,0,0,1,3,2,2,1,0,2018-2019,1,91952
Canadian Institutes of Health Research,18,0,11,18,16,2,6,3,0,4,5,0,2,0,0,0,0,8,2018-2019,1,60000
Canadian Museum for Human Rights,3,0,1,3,3,0,2,0,0,0,1,0,1,0,0,0,1,4,2018-2019,0.5,35720
Canadian Museum of History and the Canadian War Museum,11,2,3,13,7,6,0,2,0,0,9,0,0,0,1,0,0,0,2018-2019,1.06,94170
Canadian Museum of Immigration at Pier 21,0,0,0,0,0,0,0,0,0,0,0,0,0,0,0,0,0,0,2018-2019,0,0
Canadian Museum of Nature,0,0,0,0,0,0,0,0,0,0,0,0,0,0,0,0,0,0,2018-2019,0.02,3500
Canadian Northern Economic Development Agency,5,0,1,5,5,0,1,0,1,0,2,1,0,0,0,0,0,0,2018-2019,0.02,11190
Canadian Nuclear Safety Commission,248,36,191,284,261,23,4,1,23,200,16,4,10,0,15,27,18,82,2018-2019,3.4,253149
Canadian Race Relations Foundation,0,0,0,0,0,0,0,0,0,0,0,0,0,0,0,0,0,0,2018-2019,0.02,2000
Canadian Radio-television and Telecommunications Commission,31,12,13,43,39,4,5,4,1,0,20,1,3,0,1,0,4,25,2018-2019,3.3,223209
Canadian Security Intelligence Service,1146,143,947,1289,1181,108,102,95,368,15,513,53,52,144,72,757,692,1,2018-2019,7.5,638821
Canadian Space Agency,33,1,20,34,29,5,10,11,3,0,4,5,6,1,0,3,0,6,2018-2019,0.7,55910
Canadian Transportation Agency,32,1,19,33,24,9,2,1,20,1,8,0,3,0,0,0,0,17,2018-2019,2,106931
Civilian Review and Complaints Commission for the Royal Canadian Mounted Police,22,7,8,29,25,4,4,0,0,2,1,15,0,0,4,0,35,0,2018-2019,0.43,41236
Communication Security Establishment,66,70,26,136,61,75,45,9,0,1,9,2,2,7,0,48,12,0,2018-2019,5.03,475354
Copyright Board Canada,1,0,0,1,0,1,0,0,0,0,1,0,0,0,0,0,0,0,2018-2019,0.25,13838
Correctional Service of Canada,452,403,168,855,408,447,104,8,59,15,266,0,105,0,6,4,66,65,2018-2019,15,644418
Crown-Indigenous Relations and Northern Affairs Canada,389,111,143,500,344,156,77,68,65,24,132,23,48,0,10,5,16,101,2018-2019,9.2,642084
Defence Construction Canada,20,3,13,23,20,3,0,0,17,2,1,0,3,0,0,0,1,13,2018-2019,1.5,138813
Department for Women and Gender Equality,24,4,3,28,11,17,15,1,2,3,3,0,0,0,0,2,0,5,2018-2019,1.75,141227
Department of Finance Canada,1724,279,736,2003,1598,405,879,27,435,19,116,248,58,0,97,225,436,407,2018-2019,12.75,922144
Department of Justice Canada,886,237,508,1123,797,326,355,38,67,21,229,176,64,0,29,37,24,22,2018-2019,23.08,2250999
Destination Canada,1,0,0,1,1,0,0,0,0,0,0,1,0,0,0,0,0,1,2018-2019,0.1,12000
Economic Development Agency of Canada for the Regions of Quebec,19,1,18,20,20,0,5,1,6,3,4,0,2,0,1,0,0,7,2018-2019,1.29,111159
Elections Canada,31,11,21,42,31,11,7,0,15,1,5,3,1,0,0,1,7,12,2018-2019,2.05,212774
Employment and Social Development Canada,1409,414,866,1823,1509,314,429,26,332,140,350,132,226,1,12,68,156,164,2018-2019,19.48,1521865
Environment and Climate Change Canada,1794,449,1239,2243,1719,524,160,13,1377,85,89,70,90,3,18,42,115,128,2018-2019,16,1207760
Exinvest Inc,0,0,0,0,0,0,0,0,0,0,0,0,0,0,0,0,0,0,2018-2019,0.02,721
Export Development Canada,35,4,21,39,36,3,17,0,13,2,3,0,4,0,5,11,8,16,2018-2019,6.34,199769
Farm Credit Canada,6,0,4,6,5,1,0,0,3,0,3,0,1,0,0,0,0,0,2018-2019,0.5,25000
Farm Products Council of Canada,1,0,1,1,1,0,0,0,1,0,0,0,0,0,0,0,0,0,2018-2019,0.05,1370
Federal Bridge Corporation Limited,0,0,0,0,0,0,0,0,0,0,0,0,0,0,0,0,0,0,2018-2019,0.05,0
Federal Economic Development Agency for Southern Ontario,27,4,23,31,28,3,2,1,18,0,3,3,2,0,0,0,0,7,2018-2019,0.98,93233
Federal Public Service Health Care Plan Administration Authority,5,0,5,5,5,0,0,0,0,0,5,0,0,0,0,0,0,0,2018-2019,0.03,1500
Financial Consumer Agency of Canada,8,0,4,8,5,3,2,0,0,0,2,4,1,0,0,0,0,0,2018-2019,1,136402
Financial Transactions and Reports Analysis Centre of Canada,79,11,48,90,75,15,32,3,29,0,15,0,7,6,14,30,72,28,2018-2019,1.5,176560
First Nations Financial Management Board,0,0,0,0,0,0,0,0,0,0,0,0,0,0,0,0,0,0,2018-2019,3.1,3625
First Nations Tax Commission,3,0,2,3,3,0,2,0,1,0,0,0,0,0,1,0,0,0,2018-2019,0.22,67786
Fisheries and Oceans Canada,491,88,291,579,495,84,79,10,174,50,94,84,38,1,13,26,179,205,2018-2019,22.44,2099497
Freshwater Fish Marketing Corporation,1,0,1,1,1,0,0,0,0,1,0,0,0,0,0,0,0,0,2018-2019,0.1,14132
Global Affairs Canada,1308,408,317,1716,1245,471,671,85,103,36,173,240,128,6,209,630,88,344,2018-2019,49.97,4168389
Great Lakes Pilotage Authority,0,1,0,1,1,0,0,0,0,0,0,0,0,0,0,0,0,0,2018-2019,0.05,4000
Gwich'in Land and Water Board,0,0,0,0,0,0,0,0,0,0,0,0,0,0,0,0,0,0,2018-2019,0,0
Gwich'in Land Use Planning Board,0,0,0,0,0,0,0,0,0,0,0,0,0,0,0,0,0,0,2018-2019,0,0
Halifax Port Authority,6,0,1,6,6,0,5,0,0,0,0,1,0,0,0,0,0,3,2018-2019,1.05,50000
Hamilton Port Authority,0,0,0,0,0,0,0,0,0,0,0,0,0,0,0,0,0,0,2018-2019,0.01,1650
Health Canada,1942,1610,712,3552,2255,1297,513,54,831,96,259,189,377,53,87,78,143,562,2018-2019,76.43,7690019
Historic Sites and Monuments Board of Canada,0,0,0,0,0,0,0,0,0,0,0,0,0,0,0,0,0,0,2018-2019,0,0
Immigration and Refugee Board,225,19,165,244,210,34,5,20,177,2,21,0,20,0,0,1,17,0,2018-2019,2.1,178000
Immigration Refugees and Citizenship Canada,82387,12506,48754,94893,83895,10998,395,2060,47543,3760,23143,5486,6146,3,3620,27442,16615,110,2018-2019,74.68,4847695
Indigenous Services Canada,499,50,166,549,395,154,149,86,71,19,105,69,31,0,8,0,23,76,2018-2019,9.2,642084
Ingenium - Canada's Museum of Science and Innovation,2,3,4,5,4,1,0,0,0,1,1,0,0,0,0,0,0,0,2018-2019,0.13,7800
Innovation Science and Economic Development Canada,1110,379,707,1489,1228,261,601,32,161,59,75,182,76,0,21,91,65,317,2018-2019,15.8,1251336
International Development Research Centre,3,0,3,3,3,0,0,0,0,3,0,0,0,0,0,0,0,0,2018-2019,0.75,3000
Jacques Cartier and Champlain Bridges Incorporated,3,0,1,3,2,1,2,0,0,0,1,0,0,0,0,0,2,7,2018-2019,0.15,23701
Laurentian Pilotage Authority Canada,0,0,0,0,0,0,0,0,0,0,0,0,0,0,0,0,0,0,2018-2019,0,0
Library and Archives of Canada,1384,404,992,1788,1278,510,39,554,43,54,415,279,124,0,35,44,6,16,2018-2019,38.34,2473005
Mackenzie Valley Environmental Impact Review Board,0,0,0,0,0,0,0,0,0,0,0,0,0,0,0,0,0,0,2018-2019,0.02,567
Mackenzie Valley Land and Water Board,0,0,0,0,0,0,0,0,0,0,0,0,0,0,0,0,0,0,2018-2019,0,0
Marine Atlantic Inc,1,0,0,1,1,0,0,0,0,0,0,1,0,0,0,0,0,2,2018-2019,0,2760
Military Grievances External Review Committee,1,0,0,1,1,0,0,0,0,0,1,0,0,0,0,0,0,0,2018-2019,0.1,5948
Military Police Complaints Commission,16,0,12,16,13,3,0,0,15,0,1,0,0,0,0,0,1,2,2018-2019,0.29,19420
Montreal Port Authority,4,3,0,7,7,0,0,0,2,0,2,0,3,0,0,0,1,0,2018-2019,0.2,27000
Nanaimo Port Authority,3,0,0,3,2,1,2,0,0,0,1,0,0,0,0,0,0,1,2018-2019,1,5000
National Arts Centre,8,0,2,8,2,6,2,0,6,0,0,0,0,0,0,0,0,0,2018-2019,0.1,14200
National Capital Commission,82,23,37,105,92,13,35,8,1,4,29,5,10,1,0,3,34,43,2018-2019,3.02,338470
National Defence,2275,1256,1222,3531,2518,1013,465,97,204,89,1267,153,717,1,108,497,172,418,2018-2019,50.76,4725119
National Energy Board,20,12,9,32,22,10,4,5,5,0,6,0,1,0,3,2,5,8,2018-2019,5.55,512596
National Film Board of Canada,6,0,2,6,5,1,0,1,1,0,3,1,0,0,0,0,0,1,2018-2019,0.6,37043
National Gallery of Canada,21,1,6,22,22,0,11,1,0,0,2,7,7,0,0,0,6,9,2018-2019,0.63,94766
National Research Council of Canada,23,7,10,30,24,6,8,2,4,3,4,2,2,0,0,0,2,23,2018-2019,1.59,153513
Natural Resources Canada,317,97,113,414,297,117,83,6,50,39,43,96,28,0,15,46,45,116,2018-2019,11.45,1118593
Natural Sciences and Engineering Research Council of Canada,26,3,4,29,13,16,0,0,12,6,8,0,4,0,0,0,5,11,2018-2019,2.26,209095
"Non-Public Property and Staff of the Non-Public Funds, Canadian Forces",7,3,7,10,9,1,1,0,1,0,4,1,1,0,0,0,0,0,2018-2019,0.5,60241
Northern Pipeline Agency Canada,0,0,0,0,0,0,0,0,0,0,0,0,0,0,0,0,0,0,2018-2019,0,0
Nunavut Impact Review Board,0,0,0,0,0,0,0,0,0,0,0,0,0,0,0,0,0,0,2018-2019,0.1,14409
Nunavut Planning Commission,2,0,2,2,2,0,0,0,0,0,2,0,0,0,0,0,0,0,2018-2019,0,21738
Nunavut Surface Rights Tribunal,0,0,0,0,0,0,0,0,0,0,0,0,0,0,0,0,0,0,2018-2019,0,0
Nunavut Water Board,0,0,0,0,0,0,0,0,0,0,0,0,0,0,0,0,0,0,2018-2019,0.01,1000
Office of Infrastructure of Canada,122,58,64,180,154,26,71,4,4,27,13,3,25,0,19,2,11,66,2018-2019,5.96,429517
Office of the Administrator of the Ship-source Oil Pollution Fund,0,0,0,0,0,0,0,0,0,0,0,0,0,0,0,0,0,0,2018-2019,0.02,1671
Office of the Auditor General of Canada,7,8,8,15,15,0,0,1,0,0,6,0,5,0,0,0,1,3,2018-2019,1.25,167075
Office of the Commissioner of Lobbying,2,0,1,2,2,0,0,0,0,2,0,0,0,1,0,0,3,0,2018-2019,0.1,28839
Office of the Commissioner of Official Languages,18,2,13,20,18,2,0,0,11,1,5,1,1,0,0,0,4,0,2018-2019,3,27500
Office of the Correctional Investigator of Canada,39,2,16,41,39,2,2,0,3,0,34,0,1,0,0,0,3,0,2018-2019,0.48,45014
Office of the Information Commissioner of Canada,62,1,54,63,60,3,12,1,7,3,39,0,2,0,0,0,17,8,2018-2019,1.37,104303
Office of the Ombudsman for the Department of National Defence and the Canadian Forces,2,0,2,2,2,0,0,0,1,0,1,0,0,0,0,0,0,0,2018-2019,0.18,27548
Office of the Privacy Commissioner of Canada,49,8,31,57,47,10,15,0,19,1,12,2,4,0,2,5,21,23,2018-2019,1.9,162729
Office of the Public Sector Integrity Commissioner of Canada,0,0,0,0,0,0,0,0,0,0,0,0,0,0,0,0,0,0,2018-2019,0.09,22475
Office of the Superintendent of Financial Institutions Canada,33,13,15,46,34,12,7,0,17,1,8,0,3,0,7,5,12,52,2018-2019,4.6,389281
Old Port of Montreal,1,1,2,2,2,0,0,0,1,0,0,0,0,0,0,0,0,2,2018-2019,0.05,5000
Oshawa Port Authority,0,0,0,0,0,0,0,0,0,0,0,0,0,0,0,0,0,0,2018-2019,0,0
Pacific Pilotage Authority Canada,6,0,5,6,6,0,0,1,1,0,4,0,0,0,0,0,0,0,2018-2019,0.01,1800
Parc Downsview Park Inc.,2,1,1,3,3,0,0,0,2,0,0,0,0,0,0,0,0,7,2018-2019,0.2,22000
Parks Canada Agency,237,35,146,272,243,29,22,4,62,15,80,54,10,0,2,0,38,57,2018-2019,11,1092005
Parole Board of Canada,35,1,34,36,35,1,8,0,5,12,10,0,1,0,0,0,2,5,2018-2019,0.7,51122
Patented Medicine Prices Review Board,17,1,13,18,17,1,2,0,2,11,2,0,0,0,0,0,0,2,2018-2019,1,50000
Pierre Eliott Trudeau Foundation,0,0,0,0,0,0,0,0,0,0,0,0,0,0,0,0,0,0,2018-2019,0.1,3025
Polar Knowledge Canada,0,0,0,0,0,0,0,0,0,0,0,0,0,0,0,0,0,0,2018-2019,0,0
Port Alberni Port Authority,1,0,1,1,1,0,0,0,1,0,0,0,0,0,0,0,0,0,2018-2019,0.75,50517
Prince Rupert Port Authority,4,0,0,4,1,3,0,0,1,3,0,0,0,0,0,0,1,2,2018-2019,0.4,35000
Privy Council Office,578,279,234,857,632,225,300,66,51,69,92,0,34,1,54,253,243,238,2018-2019,30,2140209
Public Health Agency of Canada,99,70,54,169,109,60,27,5,14,3,33,17,22,1,11,8,23,40,2018-2019,3.61,371713
Public Prosecution Service of Canada,54,6,30,60,42,18,25,3,6,3,7,10,3,2,2,1,7,3,2018-2019,2.45,217213
Public Safety Canada,473,93,260,566,467,99,197,23,11,24,44,174,35,0,59,206,180,66,2018-2019,11.78,986644
Public Sector Pension Investment Board,6,3,2,9,6,3,3,0,1,0,0,2,2,0,0,0,0,3,2018-2019,0.66,56502
Public Service Commission of Canada,75,6,64,81,77,4,11,2,17,2,40,3,15,0,0,0,5,12,2018-2019,1.99,148018
Public Services and Procurement Canada,1144,328,543,1472,1178,294,355,14,220,50,300,205,132,1,7,67,56,431,2018-2019,33.91,4029347
Quebec Port Authority,10,0,4,10,10,0,4,0,0,3,3,0,3,0,0,0,0,3,2018-2019,0.1,11000
RCMH-MRCF Inc. (Royal Canadian Mint),0,0,0,0,0,0,0,0,0,0,0,0,0,0,0,0,0,0,2018-2019,0,0
Revera Inc. (Public Sector Pension Investment Board),0,0,0,0,0,0,0,0,0,0,0,0,0,0,0,0,0,0,2018-2019,0.1,20200
Ridley Terminals Inc.,7,0,0,7,0,7,0,0,0,0,7,0,0,0,0,0,0,0,2018-2019,0.05,13900
Royal Canadian Mint,12,6,6,18,13,5,1,1,1,2,2,5,2,0,0,0,1,10,2018-2019,1.35,116350
Royal Canadian Mounted Police,4436,3428,1101,7864,4176,3688,305,80,940,152,2618,341,862,23,346,26,1047,27,2018-2019,37,2978085
Royal Canadian Mounted Police External Review Committee,4,0,4,4,4,0,1,0,0,0,3,0,0,0,0,0,0,0,2018-2019,0.05,6000
Saguenay Port Authority,2,0,1,2,2,0,0,0,2,0,0,0,1,0,0,1,0,0,2018-2019,0.02,2000
Sahtu Land and Water Board,0,0,0,0,0,0,0,0,0,0,0,0,0,0,0,0,0,0,2018-2019,0,0
Sahtu Land Use Planning Board,0,0,0,0,0,0,0,0,0,0,0,0,0,0,0,0,0,0,2018-2019,0,0
Saint John Port Authority,1,0,0,1,1,0,0,0,0,1,0,0,0,0,0,0,0,4,2018-2019,1,78000
Seaway International Bridge Corporation,0,0,0,0,0,0,0,0,0,0,0,0,0,0,0,0,0,0,2018-2019,0.05,0
Security Intelligence Review Committee,3,0,0,3,1,2,1,0,1,0,1,0,0,0,0,0,1,0,2018-2019,2,60638
Sept-Ãles Port Authority,1,0,1,1,1,0,0,0,1,0,0,0,0,0,0,0,0,0,2018-2019,0.1,11500
Shared Services Canada,312,42,210,354,332,22,139,3,53,5,73,39,22,0,0,15,84,113,2018-2019,14.75,1200098
Social Sciences and Humanities Research Council,36,0,25,36,29,7,2,6,15,1,12,0,0,0,0,0,2,15,2018-2019,0.8,68883
St. John's Port Authority,0,0,0,0,0,0,0,0,0,0,0,0,0,0,0,0,0,0,2018-2019,0,0
Standards Council of Canada,89,24,24,113,91,22,32,4,51,0,2,0,0,0,40,22,29,32,2018-2019,2.25,377869
Statistics Canada,154,12,104,166,128,38,30,14,19,5,86,0,9,0,0,1,9,28,2018-2019,1.06,88204
Sustainable Development Technology Canada,7,0,5,7,6,1,4,0,3,0,0,0,4,1,0,0,0,3,2018-2019,0.4,71611
Telefilm Canada,2,9,0,11,10,1,0,0,2,0,0,0,1,0,8,8,1,10,2018-2019,0.86,71046
The Fund for Railway Accidents Involving Designated Goods,0,0,0,0,0,0,0,0,0,0,0,0,0,0,0,0,0,0,2018-2019,0.02,1699
The National Battlefields Commission,0,0,0,0,0,0,0,0,0,0,0,0,0,0,0,0,0,0,2018-2019,0,0
Thunder Bay Port Authority,0,0,0,0,0,0,0,0,0,0,0,0,0,0,0,0,0,0,2018-2019,0.01,250
Toronto Port Authority,1,0,0,1,0,1,0,1,0,0,0,0,0,0,0,0,0,0,2018-2019,0.3,2500
Transport Canada,1076,414,612,1490,1080,410,396,23,228,65,214,150,221,1,42,126,162,339,2018-2019,19.38,1504006
Transportation Safety Board of Canada,88,15,45,103,73,30,16,2,47,3,20,0,4,0,6,0,8,43,2018-2019,4.18,368021
Treasury Board of Canada Secretariat,564,150,175,714,518,196,283,11,43,31,111,85,31,0,0,30,40,89,2018-2019,15.81,939864
Trois-RiviÃ¨res Port Authority,0,0,0,0,0,0,0,0,0,0,0,0,0,0,0,0,0,0,2018-2019,0,0
Vancouver Fraser Port Authority,9,1,7,10,9,1,1,0,3,0,5,0,0,0,0,0,1,4,2018-2019,1.1,45000
Veterans Affairs Canada,364,23,286,387,349,38,50,3,26,9,249,27,26,1,0,0,42,37,2018-2019,8.49,649767
Veterans Review and Appeal Board,8,0,6,8,6,2,1,0,0,0,5,2,0,0,0,0,0,0,2018-2019,0.75,53087
VIA Rail Canada,21,3,7,24,18,6,10,0,4,0,7,0,0,0,0,0,3,7,2018-2019,0.5,51650
Western Economic Diversification Canada,15,0,3,15,10,5,8,0,3,3,1,0,1,0,1,0,0,11,2018-2019,1.1,99051
Windsor Port Authority,0,1,0,1,0,1,0,0,0,0,0,0,0,0,0,0,0,0,2018-2019,0,0
Windsor-Detroit Bridge Authority,3,3,0,6,0,6,0,0,2,0,1,0,0,0,0,0,0,0,2018-2019,0.45,27041
Yukon Environment Socio-Economic Assessment Board,0,0,0,0,0,0,0,0,0,0,0,0,0,0,0,0,0,0,2018-2019,1,0
Yukon Surface Rights Board,0,0,0,0,0,0,0,0,0,0,0,0,0,0,0,0,0,0,2018-2019,0,0
